Day,Mbera sim,Mbera data,Mbera error,Mentao sim,Mentao data,Mentao error,Bobo-Dioulasso sim,Bobo-Dioulasso data,Bobo-Dioulasso error,Abala sim,Abala data,Abala error,Mangaize sim,Mangaize data,Mangaize error,Niamey sim,Niamey data,Niamey error,Tabareybarey sim,Tabareybarey data,Tabareybarey error,Total error,refugees in camps (UNHCR),total refugees (simulation),raw UNHCR refugee count,retrofitted time,refugees in camps (simulation),refugee_debt,Total error (retrofitted)
0,1324,0.0,0.0,0,0.0,0.0,0,0.0,0.0,698,698.6230011306735,0.0008917558249087465,875,875.3099173553718,0.00035406585624908615,0,0.0,0.0,0,0.0,0.0,0.06842601448567089,1573,19363,19363,0,2897,0,0.06842601448567089
1,2457,808,2.0408415841584158,0,0,0.0,0,0,0.0,698,691,0.01013024602026058,875,874,0.0011441647597254523,0,0,0.0,0,0,0.0,0.08561537666632221,2373,19363,19354,0,4030,9,0.12699870406562186
2,3572,1616,1.2103960396039604,0,0,0.0,0,0,0.0,698,684,0.020467836257309857,875,874,0.0011441647597254523,0,0,0.0,0,0,0.0,0.10187625988525353,3174,19363,19347,0,5145,16,0.18467632803463305
3,4637,2425,0.9121649484536083,0,0,0.0,0,0,0.0,698,677,0.03101920236336775,875,874,0.0011441647597254523,0,0,0.0,0,0,0.0,0.11550592006618066,3976,19363,19341,0,6210,22,0.23979798968440336
4,5584,3233,0.7271883699350448,0,0,0.0,0,0,0.0,698,670,0.04179104477611939,875,873,0.002290950744558984,0,0,0.0,0,0,0.0,0.12316366645975585,4776,19363,19332,0,7157,31,0.2888957644571718
5,6466,4041,0.6000989853996535,0,0,0.0,0,0,0.0,698,663,0.052790346907994,875,873,0.002290950744558984,0,0,0.0,0,0,0.0,0.12739974126778783,5577,19363,19325,0,8039,38,0.33464077197857933
6,7302,4850,0.5055670103092784,0,0,0.0,0,0,0.0,698,655,0.06564885496183215,875,872,0.0034403669724769603,0,0,0.0,0,0,0.0,0.12931614639954445,6377,19363,19317,0,8875,46,0.37805730281544986
7,7981,5658,0.410569105691057,0,0,0.0,0,0,0.0,698,648,0.07716049382716039,875,872,0.0034403669724769603,0,0,0.0,0,0,0.0,0.123045054375971,7178,19363,19310,0,9554,53,0.41335747894800856
8,8680,6503,0.3347685683530679,0,0,0.0,0,0,0.0,698,641,0.08892355694227772,875,872,0.0034403669724769603,0,0,0.0,0,0,0.0,0.11689397502220829,8016,19363,19137,0,10253,226,0.45362036465935335
9,9323,7347,0.26895331427793656,0,0,0.0,0,0,0.0,698,634,0.10094637223974767,875,871,0.004592422502870175,0,0,0.0,0,0,0.0,0.10779453644130366,8852,19363,18962,0,10896,401,0.491716744989244
10,9932,8192,0.21240234375,0,0,0.0,0,0,0.0,698,627,0.11323763955342914,875,871,0.004592422502870175,0,0,0.0,0,0,0.0,0.09659907392623343,9690,19363,18789,0,11505,574,0.528656816141681
11,10444,9036,0.15582115980522349,0,0,0.0,0,0,0.0,698,620,0.12580645161290316,875,870,0.005747126436781658,0,0,0.0,0,0,0.0,0.08010099924787795,10526,19363,18614,0,12017,749,0.5611331749482135
12,10907,9881,0.10383564416557034,0,0,0.0,0,0,0.0,698,613,0.13866231647634586,875,870,0.005747126436781658,0,0,0.0,0,0,0.0,0.06051732552464617,11364,19363,18441,0,12480,922,0.5915044150797704
13,11406,10725,0.0634965034965036,0,0,0.0,0,0,0.0,698,606,0.15181518151815188,875,870,0.005747126436781658,0,0,0.0,0,0,0.0,0.042590463677670116,12201,19363,18267,0,12979,1096,0.6244557353964003
14,11857,11570,0.02480553154710452,0,0,0.0,0,0,0.0,698,599,0.1652754590984975,875,869,0.0069044879171460405,0,0,0.0,0,0,0.0,0.021665837616757864,13038,19363,18093,0,13430,1270,0.6553878803120569
15,12265,12415,0.012082158679017296,0,0,0.0,0,0,0.0,698,591,0.18104906937394238,875,869,0.0069044879171460405,0,0,0.0,0,0,0.0,0.014677158323567164,13875,19363,17919,0,13838,1444,0.6845210624748058
16,12637,13259,0.046911531789727734,0,0,0.0,0,0,0.0,698,584,0.1952054794520548,875,868,0.008064516129032251,0,0,0.0,0,0,0.0,0.04187330928764653,14711,19363,17744,0,14210,1619,0.71223697692099
17,12997,14104,0.07848837209302328,0,0,0.0,0,0,0.0,698,577,0.2097053726169844,875,868,0.008064516129032251,0,0,0.0,0,0,0.0,0.0702862671447271,15549,19363,17571,0,14570,1792,0.7397378019740507
18,13357,14948,0.10643564356435642,0,0,0.0,0,0,0.0,698,570,0.22456140350877196,875,867,0.009227220299884653,0,0,0.0,0,0,0.0,0.0992756955621982,16385,19363,17396,0,14930,1967,0.7678738168823893
19,17293,15793,0.09497878807066429,0,0,0.0,0,0,0.0,698,563,0.23978685612788642,875,867,0.009227220299884653,0,0,0.0,0,0,0.0,0.09539569180746676,17223,19363,17223,0,18866,2140,1.0041184995927563
20,17332,16637,0.04177435835787713,0,0,0.0,0,0,0.0,698,556,0.2553956834532374,875,867,0.009227220299884653,0,0,0.0,0,0,0.0,0.04678848283499446,18060,19363,18060,0,18905,1303,0.9597415790966801
21,17655,17482,0.009895892918430294,0,0,0.0,0,0,0.0,698,549,0.2714025500910746,875,866,0.010392609699769073,0,0,0.0,0,0,0.0,0.017516007831930993,18897,19363,18897,0,19228,466,0.9343246503935039
22,17664,18326,0.036123540325221026,2,798,0.9974937343358397,4,316,0.9873417721518988,698,542,0.2878228782287824,875,866,0.010392609699769073,0,0,0.0,0,0,0.0,0.09281465848042977,20848,20848,20848,0,19243,0,0.8476080640102669
23,17690,19171,0.07725209952532475,7,1596,0.9956140350877193,7,633,0.9889415481832543,698,534,0.30711610486891394,875,865,0.011560693641618602,0,0,0.0,0,0,0.0,0.1697442870301329,22799,22799,22799,0,19277,0,0.776566205468926
24,17726,20016,0.11440847322142289,11,2394,0.995405179615706,11,950,0.988421052631579,698,527,0.32447817836812143,875,865,0.011560693641618602,0,0,0.0,0,0,0.0,0.23404169360051713,24752,24752,24752,0,19321,0,0.7170706576634633
25,17765,20860,0.1483700862895494,24,2394,0.9899749373433584,24,953,0.974816369359916,698,520,0.3423076923076922,875,865,0.011560693641618602,0,0,0.0,0,0,0.0,0.2571897467958737,25592,25592,25592,0,19386,0,0.6960742778401862
26,17803,21705,0.1797742455655379,49,2394,0.97953216374269,45,956,0.9529288702928871,698,513,0.3606237816764133,875,864,0.0127314814814814,0,0,0.0,0,0,0.0,0.27822336561743344,26432,26432,26432,0,19470,0,0.6771312393495023
27,17823,22549,0.20958800833739855,120,2394,0.949874686716792,62,959,0.935349322210636,698,506,0.37944664031620556,875,864,0.0127314814814814,0,0,0.0,0,0,0.0,0.29700792021120564,27272,27272,27272,0,19578,0,0.6602351466150647
28,17854,23394,0.23681285799777718,182,2394,0.9239766081871346,74,962,0.9230769230769231,698,499,0.3987975951903808,875,863,0.013904982618771822,0,0,0.0,0,0,0.0,0.3148477518497439,28112,28112,28112,0,19683,0,0.6442420645448934
29,17890,23536,0.23988783140720593,279,2394,0.8834586466165414,187,965,0.8062176165803109,698,492,0.4186991869918699,875,863,0.013904982618771822,0,0,0.0,0,0,0.0,0.30998230088495576,28250,28250,28250,0,19929,0,0.6498029351676475
30,18043,23678,0.2379846270799899,378,2394,0.8421052631578947,277,968,0.7138429752066116,698,485,0.43917525773195876,875,863,0.013904982618771822,0,0,0.0,0,0,0.0,0.30178244328589543,28388,28388,28388,0,20271,0,0.6586914512641272
31,18152,23820,0.23795130142737198,487,2394,0.7965747702589808,368,971,0.6210092687950566,698,478,0.4602510460251046,875,862,0.015081206496519783,0,0,0.0,0,0,0.0,0.2948641542506573,28525,28525,28525,0,20580,0,0.6663604879399139
32,18264,23963,0.2378249801777741,789,2394,0.6704260651629073,451,974,0.5369609856262834,799,579,0.37996545768566503,925,880,0.051136363636363535,0,39,1.0,643,19,32.8421052631579,0.30348724348308376,28848,28848,28848,0,21871,0,0.7035866292815431
33,18326,24273,0.24500473777448195,976,2394,0.5923141186299081,522,977,0.465711361310133,807,680,0.18676470588235294,927,898,0.03229398663697114,0,78,1.0,908,38,22.894736842105264,0.3041788806326266,29338,29338,29338,0,22466,0,0.7121162683725529
34,18400,24583,0.25151527478338687,1183,2394,0.5058479532163742,604,980,0.38367346938775515,811,782,0.037084398976982014,927,916,0.012008733624454093,0,117,1.0,1006,58,16.344827586206897,0.29751927589674826,29830,29830,29830,0,22931,0,0.7159593389713026
35,18468,24893,0.2581046880649178,1496,2394,0.3751044277360067,700,983,0.2878942014242116,826,883,0.0645526613816535,936,934,0.0021413276231263545,1,156,0.9935897435897436,1128,77,13.64935064935065,0.2925791556728232,30320,30320,30320,0,23555,0,0.724969230920645
36,18554,25203,0.2638177994683173,1771,2394,0.26023391812865493,777,986,0.21196754563894527,851,984,0.13516260162601623,942,952,0.010504201680672232,1,195,0.9948717948717949,1316,96,12.708333333333334,0.2933463161311263,30810,30810,30810,0,24212,0,0.7347636183548834
37,18616,25513,0.27033277152824053,2002,2394,0.16374269005847952,859,989,0.13144590495449948,876,1086,0.1933701657458563,943,971,0.028836251287332693,1,235,0.9957446808510638,1501,116,11.939655172413794,0.2963199591106568,31304,31304,31304,0,24798,0,0.7418881638612943
38,18681,25823,0.2765751461875072,2227,2394,0.06975772765246446,945,992,0.0473790322580645,908,1187,0.23504633529907326,945,989,0.044489383215369105,1,274,0.9963503649635036,1682,135,11.459259259259259,0.29876706296785555,31794,31794,31794,0,25389,0,0.7490428093827124
39,18741,26133,0.2828607507748824,2450,2394,0.023391812865497075,1045,995,0.05025125628140703,939,1288,0.27096273291925466,954,1007,0.052631578947368474,1,313,0.9968051118210862,1878,155,11.116129032258064,0.30772804708068763,32285,32285,32285,0,26008,0,0.7568241313772327
40,18811,26443,0.28862080701887083,2638,2463,0.07105156313438887,1123,997,0.12637913741223672,972,1390,0.30071942446043165,964,1025,0.05951219512195127,1,352,0.9971590909090909,2060,174,10.839080459770114,0.3242296918767507,32844,32844,32844,0,26569,0,0.7610238424526232
41,18886,26753,0.29406047919859457,2817,2533,0.11212001579155162,1211,1000,0.21100000000000008,1008,1491,0.323943661971831,981,1043,0.05944391179290509,4,391,0.989769820971867,2247,193,10.642487046632125,0.3397197940366423,33404,33404,33404,0,27154,0,0.765778561894203
42,18948,27063,0.29985589180800354,3004,2602,0.15449654112221367,1298,1003,0.2941176470588236,1041,1592,0.3461055276381909,996,1061,0.061262959472196066,6,431,0.9860788863109049,2435,213,10.431924882629108,0.35551302811717944,33965,33965,33965,0,27728,0,0.770029944987898
43,19027,27373,0.3048989880539218,3150,2671,0.17933358292774249,1372,1005,0.3651741293532338,1074,1694,0.3659976387249114,1011,1079,0.06302131603336425,8,470,0.9829787234042553,2642,232,10.387931034482758,0.3693662379793767,34524,34524,34524,0,28284,0,0.7736666400623902
44,19101,27683,0.31000975327818514,3302,2740,0.20510948905109494,1448,1008,0.4365079365079365,1105,1795,0.3844011142061281,1023,1097,0.06745670009115767,13,509,0.9744597249508841,2855,251,10.374501992031872,0.3833195564803466,35083,35083,35083,0,28847,0,0.7773869703706626
45,19175,27993,0.3150073232593863,3459,2810,0.23096085409252676,1525,1011,0.5084075173095945,1143,1897,0.39746968898260415,1032,1115,0.07443946188340811,16,548,0.9708029197080292,3065,271,10.309963099630997,0.39680179548323746,35645,35645,35645,0,29415,0,0.7810651446630371
46,19242,28303,0.3201427410521853,3618,2879,0.2566863494268843,1598,1013,0.577492596248766,1164,1998,0.41741741741741745,1050,1133,0.07325684024713153,21,587,0.9642248722316865,3258,290,10.23448275862069,0.4098002927934149,36203,36203,36203,0,29951,0,0.7838319222582094
47,19310,28546,0.32354795768233724,3805,2948,0.29070556309362283,1688,1016,0.6614173228346456,1202,2099,0.4273463554073368,1067,1151,0.07298001737619464,24,627,0.9617224880382775,3462,310,10.167741935483871,0.4224051012344333,36697,36697,36697,0,30558,0,0.7898211592640804
48,19378,28788,0.326872307906072,3983,3017,0.32018561484918795,1766,1019,0.733071638861629,1240,2201,0.43661971830985913,1094,1169,0.06415739948674082,25,666,0.9624624624624625,3674,329,10.167173252279635,0.43413374922692194,37189,37189,37189,0,31160,0,0.7955596300388276
49,19452,29031,0.3299576314973649,4143,3086,0.34251458198314966,1831,1022,0.7915851272015655,1275,2302,0.44613379669852304,1112,1187,0.06318449873631005,26,705,0.9631205673758865,3873,348,10.129310344827585,0.4445476500092885,37681,37681,37681,0,31712,0,0.799821317945754
50,19519,29274,0.3332308533169366,4310,3156,0.36565272496831436,1900,1024,0.85546875,1311,2403,0.4544319600499376,1133,1205,0.05975103734439835,29,744,0.9610215053763441,4054,368,10.016304347826088,0.45449782574527164,38174,38174,38174,0,32256,0,0.8037425232229779
51,19581,29517,0.33661957516007723,4495,3225,0.3937984496124032,1934,1027,0.8831548198636807,1355,2505,0.45908183632734534,1153,1223,0.05723630417007364,31,783,0.9604086845466155,4235,387,9.943152454780362,0.46378048465099436,38667,38667,38667,0,32784,0,0.8071499490913171
52,19641,29760,0.34002016129032253,4701,3294,0.42714025500910746,1942,1030,0.8854368932038834,1377,2606,0.47160399079048354,1176,1241,0.05237711522965349,36,823,0.9562575941676792,4419,406,9.88423645320197,0.4732379979570991,39160,39160,39160,0,33292,0,0.8099608549926955
53,19699,30002,0.34341043930404636,4913,3363,0.4608980077311924,1942,1032,0.8817829457364341,1400,2707,0.48282231252308827,1198,1259,0.04845115170770453,36,862,0.9582366589327146,4612,426,9.826291079812206,0.4827873193614285,39651,39651,39651,0,33800,0,0.81274285847807
54,19753,30245,0.34690031410150435,5131,3432,0.49504662004662014,1942,1035,0.876328502415459,1421,2809,0.49412602349590606,1217,1278,0.04773082942097029,39,901,0.9567147613762486,4791,445,9.766292134831462,0.49209116951052434,40145,40145,40145,0,34294,0,0.815047131187295
55,19809,30488,0.350268958278667,5335,3502,0.5234151913192462,1940,1038,0.8689788053949903,1440,2910,0.5051546391752577,1233,1296,0.04861111111111116,41,940,0.9563829787234043,4976,465,9.701075268817204,0.5009227589261547,40639,40639,40639,0,34774,0,0.8169508866240301
56,19867,30731,0.353519247665224,5538,3571,0.5508260991318958,1939,1041,0.8626320845341018,1470,3011,0.5117901029558286,1253,1314,0.04642313546423138,43,979,0.9560776302349336,5188,484,9.71900826446281,0.5098587440130316,41131,41131,41131,0,35298,0,0.8199184819604182
57,19941,30974,0.35620197585071345,5722,3640,0.5719780219780219,1936,1043,0.8561840843720039,1497,3113,0.5191133954384838,1265,1332,0.050300300300300305,47,1019,0.9538763493621197,5359,503,9.654075546719682,0.5169853930424755,41624,41624,41624,0,35767,0,0.8214748001516904
58,20007,31216,0.35907867760123013,5924,3709,0.5971960097061202,1933,1046,0.8479923518164436,1520,3214,0.5270690728064718,1280,1350,0.051851851851851816,51,1058,0.9517958412098299,5547,523,9.606118546845124,0.5248836546680596,42116,42116,42116,0,36262,0,0.8236315671363368
59,20080,31459,0.36170889093741054,6102,3778,0.6151402858655373,1928,1049,0.8379408960915158,1535,3315,0.5369532428355958,1301,1368,0.04897660818713445,55,1097,0.9498632634457611,5746,542,9.601476014760147,0.5321770559519339,42608,42608,42608,0,36747,0,0.8255038274857763
60,20137,31702,0.3648034824301306,6302,3848,0.6377338877338878,1927,1051,0.8334919124643196,1569,3417,0.5408252853380158,1321,1386,0.04689754689754688,58,1136,0.948943661971831,5910,561,9.53475935828877,0.5390826198928099,43101,43101,43101,0,37224,0,0.8271285371920364
61,20198,31945,0.36772577868210987,6500,3917,0.6594332397242788,1923,1054,0.8244781783681214,1603,3518,0.5443433769187038,1342,1404,0.04415954415954415,60,1175,0.948936170212766,6066,581,9.440619621342513,0.545396155434234,43594,43594,43594,0,37692,0,0.8285100491240529
62,20262,32188,0.370510749347583,6655,3986,0.6695935775213246,1926,1057,0.8221381267738883,1654,3562,0.5356541268950028,1370,1414,0.03111739745403108,64,1215,0.9473251028806584,6176,600,9.293333333333333,0.5484303302894008,44022,44022,44022,0,38107,0,0.8298820381062642
63,20322,32430,0.3733580018501388,6789,4055,0.67422934648582,1927,1059,0.8196411709159586,1698,3605,0.528987517337032,1402,1423,0.014757554462403344,67,1254,0.9465709728867624,6260,620,9.096774193548388,0.550443234486793,44446,44446,44446,0,38465,0,0.8300199586355118
64,20394,32673,0.37581489303094295,6882,4124,0.6687681862269641,1925,1062,0.8126177024482109,1754,3649,0.5193203617429433,1447,1433,0.00976971388695036,69,1293,0.9466357308584686,6338,639,8.918622848200313,0.5511554832527354,44873,44873,44873,0,38809,0,0.8297877806590591
65,20453,32748,0.37544277513130575,6917,4194,0.6492608488316642,1924,1065,0.8065727699530516,1823,3693,0.5063633901976713,1490,1442,0.03328710124826628,77,1332,0.9421921921921922,6403,658,8.731003039513677,0.5493884605158202,45132,45132,45132,0,39087,0,0.8311855685880076
66,20525,32822,0.37465724209371765,6917,4263,0.622566267886465,1924,1068,0.8014981273408239,1892,3736,0.49357601713062094,1525,1452,0.05027548209366395,80,1371,0.9416484318016046,6431,678,8.485250737463128,0.5456708526107072,45390,45390,45390,0,39294,0,0.8310215263607393
67,20595,32897,0.3739550718910539,6909,4332,0.5948753462603877,1929,1070,0.8028037383177571,1961,3780,0.4812169312169312,1574,1462,0.07660738714090298,84,1411,0.9404677533664068,6440,697,8.239598278335725,0.5419395824662095,45649,45649,45649,0,39492,0,0.8306439808432596
68,20659,32971,0.3734190652391496,6903,4401,0.5685071574642127,1926,1073,0.7949673811742777,2020,3823,0.47161914726654464,1623,1471,0.1033310673011556,88,1450,0.9393103448275862,6441,716,7.995810055865922,0.5382638056856551,45905,45905,45905,0,39660,0,0.829671431903147
69,20735,33046,0.3725413060582219,6899,4470,0.5434004474272931,1929,1076,0.7927509293680297,2083,3867,0.46133953969485386,1661,1481,0.12153950033760963,89,1489,0.9402283411685695,6452,736,7.766304347826088,0.5344525073107332,46165,46165,46165,0,39848,0,0.8290710945849444
70,20806,33120,0.37179951690821256,6893,4540,0.5182819383259911,1927,1078,0.787569573283859,2131,3910,0.45498721227621486,1690,1490,0.13422818791946312,92,1528,0.9397905759162304,6451,755,7.5443708609271525,0.5305142069322074,46421,46421,46421,0,39990,0,0.82755793889649
71,20889,33195,0.3707184816990511,6897,4609,0.496420047732697,1926,1081,0.7816836262719704,2174,3954,0.4501770359129995,1726,1500,0.15066666666666673,98,1567,0.9374601148691768,6453,775,7.3264516129032256,0.5268096227587241,46681,46681,46681,0,40163,0,0.8266546792381045
72,20972,33269,0.3696233731101025,6899,4678,0.4747755451047455,1925,1084,0.7758302583025831,2233,3998,0.4414707353676839,1768,1510,0.17086092715231782,103,1607,0.9359054138145613,6449,794,7.1221662468513856,0.5228163613123136,46940,46940,46940,0,40349,0,0.8260559667983375
73,21060,33343,0.3683831688810245,6909,4747,0.4554455445544554,1927,1087,0.7727690892364305,2288,4041,0.4338035139816877,1798,1519,0.18367346938775508,107,1646,0.9349939246658566,6445,813,6.927429274292743,0.5188575302991779,47196,47196,47196,0,40534,0,0.8254951072445538
74,21147,33418,0.367197318810222,6909,4816,0.43459302325581395,1931,1089,0.7731864095500458,2346,4085,0.425703794369645,1827,1529,0.1948986265533028,118,1685,0.9299703264094955,6440,833,6.73109243697479,0.5145295543146139,47455,47455,47455,0,40718,0,0.8248670757878824
75,21223,33492,0.36632628687447744,6899,4886,0.41199345067539905,1931,1092,0.7683150183150182,2388,4128,0.4215116279069767,1860,1538,0.2093628088426529,125,1724,0.9274941995359629,6433,852,6.550469483568075,0.5106262575452716,47712,47712,47712,0,40859,0,0.8233791725669425
76,21303,33567,0.36535883456966667,6904,4955,0.3933400605449042,1931,1095,0.7634703196347032,2451,4172,0.4125119846596357,1886,1548,0.21834625322997425,131,1763,0.9256948383437322,6422,871,6.373134328358209,0.5063684309270184,47971,47971,47971,0,41028,0,0.8224566317465543
77,21371,33641,0.36473350970541896,6911,5024,0.3755971337579618,1931,1097,0.7602552415679125,2522,4216,0.4018026565464896,1913,1558,0.22785622593068044,133,1803,0.9262340543538546,6420,891,6.205387205387205,0.5025710138917686,48230,48230,48230,0,41201,0,0.8216269351340235
78,21460,33716,0.36350694032506825,6904,5093,0.3555860985666601,1931,1100,0.7554545454545454,2584,4259,0.39328480864052595,1948,1567,0.24313975749840466,136,1842,0.9261672095548317,6416,910,6.05054945054945,0.49840163342751664,48487,48487,48487,0,41379,0,0.8209430792070854
79,21548,33790,0.36229653743711154,6901,5163,0.336625992639938,1929,1103,0.7488667271078875,2635,4303,0.38763653265163844,1971,1577,0.2498414711477488,137,1881,0.9271664008506114,6413,930,5.895698924731183,0.4942868279073584,48747,48747,48747,0,41534,0,0.8197441295159488
80,21668,33865,0.3601653624686254,6900,5173,0.33384883046588043,1924,1105,0.7411764705882353,2687,4346,0.3817303267372296,2008,1586,0.26607818411097095,146,1920,0.9239583333333333,6400,949,5.743940990516333,0.4913574697613599,48944,48944,48944,0,41733,0,0.8205105238949402
81,21771,33939,0.35852559002916995,6903,5183,0.33185413852980905,1928,1108,0.7400722021660651,2740,4390,0.3758542141230068,2047,1596,0.28258145363408516,148,1959,0.9244512506380806,6395,968,5.606404958677686,0.4893270659096921,49143,49143,49143,0,41932,0,0.8212373498059531
82,21871,34014,0.35700005879931795,6909,5194,0.33018867924528306,1930,1111,0.7371737173717372,2791,4434,0.3705457825890843,2077,1606,0.29327521793275224,151,1999,0.9244622311155578,6391,988,5.468623481781377,0.48721274267417825,49346,49346,49346,0,42120,0,0.8216687691305061
83,21962,34088,0.35572635531565355,6900,5204,0.325903151421983,1926,1114,0.7289048473967683,2839,4477,0.36587000223363864,2105,1615,0.3034055727554179,153,2038,0.9249263984298332,6385,1007,5.340615690168819,0.4849322810487859,49543,49543,49543,0,42270,0,0.821429204559957
84,22058,34163,0.35433070866141736,6902,5214,0.32374376678174155,1924,1116,0.7240143369175627,2888,4521,0.36120327361203275,2131,1625,0.31138461538461537,159,2077,0.9234472797303803,6383,1026,5.221247563352827,0.4827912026054441,49742,49742,49742,0,42445,0,0.8216611129732209
85,22151,34237,0.35300990156847856,6901,5225,0.32076555023923436,1927,1119,0.7220732797140303,2930,4564,0.35801928133216476,2159,1634,0.32129742962056307,165,2116,0.9220226843100189,6375,1046,5.094646271510516,0.4807472817925152,49941,49941,49941,0,42608,0,0.8216508896801016
86,22252,34312,0.35148053159244574,6909,5235,0.31977077363896855,1936,1122,0.7254901960784315,2972,4608,0.3550347222222222,2187,1644,0.3302919708029197,170,2155,0.9211136890951276,6367,1065,4.978403755868545,0.478929419038312,50141,50141,50141,0,42793,0,0.822063123621666
87,22353,34386,0.3499389286337463,6907,5245,0.31687321258341283,1932,1124,0.7188612099644127,3001,4651,0.35476241668458397,2226,1654,0.3458282950423217,173,2195,0.9211845102505695,6356,1085,4.858064516129033,0.47711561382598333,50340,50340,50340,0,42948,0,0.8218924728151361
88,22447,34460,0.3486070806732443,6900,5256,0.31278538812785395,1930,1127,0.712511091393079,3058,4695,0.34866879659211925,2253,1663,0.354780517137703,177,2234,0.9207699194270367,6351,1104,4.752717391304348,0.4747027048418053,50539,50539,50539,0,43116,0,0.8219803929938059
89,22536,34535,0.3474446213985811,6899,5266,0.31010254462590203,1929,1130,0.7070796460176991,3102,4739,0.34543152563832036,2287,1673,0.36700537955768087,187,2273,0.9177298724153101,6338,1123,4.6438112199465715,0.47267388005281935,50739,50739,50739,0,43278,0,0.821933169386743
90,22635,34609,0.34597936952815744,6912,5276,0.3100833965125094,1927,1133,0.7007943512797881,3158,4782,0.3396068590547888,2310,1682,0.3733650416171226,193,2312,0.9165224913494809,6333,1143,4.540682414698162,0.4704831458468304,50937,50937,50937,0,43468,0,0.8224682859515471
91,22721,34684,0.344914081420828,6913,5287,0.3075468129373935,1925,1135,0.696035242290749,3218,4826,0.3331951927061749,2338,1692,0.38179669030732866,196,2351,0.9166312207571247,6329,1162,4.446643717728055,0.4684475037643976,51137,51137,51137,0,43640,0,0.822615074828675
92,22814,34758,0.3436331204327061,6902,5297,0.303001699074948,1930,1138,0.6959578207381372,3257,4869,0.33107414253440126,2357,1702,0.3848413631022327,198,2391,0.917189460476788,6324,1181,4.354784081287045,0.46641732896992366,51336,51336,51336,0,43782,0,0.8221923617249874
93,22907,34833,0.34237648207159876,6902,5307,0.3005464480874316,1933,1141,0.6941279579316388,3299,4913,0.3285161815591289,2386,1711,0.3945061367621274,206,2430,0.9152263374485596,6318,1201,4.260616153205662,0.46458786091276,51536,51536,51536,0,43951,0,0.8222808732054089
94,23009,34907,0.3408485404073681,6901,5318,0.2976682963520121,1933,1143,0.6911636045494314,3341,4957,0.3260036312285657,2406,1721,0.39802440441603726,208,2469,0.91575536654516,6312,1220,4.173770491803278,0.46245288489417224,51735,51735,51735,0,44110,0,0.8221913034022219
95,23117,34982,0.3391744325653193,6906,5328,0.2961711711711712,1931,1146,0.6849912739965096,3393,5000,0.3214,2437,1731,0.40785673021374924,213,2508,0.9150717703349283,6305,1240,4.084677419354839,0.4602098777317801,51935,51935,51935,0,44302,0,0.8227220002216993
96,23218,35154,0.33953461910451155,6898,5338,0.2922442862495316,1929,1149,0.6788511749347259,3433,5044,0.31938937351308483,2457,1740,0.41206896551724137,217,2547,0.9148017275225756,6302,1259,4.005559968228753,0.4590568819283567,52231,52231,52231,0,44454,0,0.8209696747432359
97,23313,35325,0.3400424628450106,6897,5349,0.28939988782950077,1927,1151,0.6741963509991311,3497,5087,0.31256143109887946,2493,1750,0.4245714285714286,224,2587,0.9134132199458833,6290,1278,3.9217527386541473,0.4577455403887524,52527,52527,52527,0,44641,0,0.8199034226495698
98,23429,35497,0.33997239203312957,6902,5359,0.2879268520246314,1927,1154,0.6698440207972269,3540,5131,0.31007600857532647,2531,1759,0.4388857305287095,226,2626,0.913937547600914,6285,1298,3.842064714946071,0.45687566257761625,52824,52824,52824,0,44840,0,0.8190607883067158
99,23519,35669,0.34063192127617814,6907,5369,0.28645930340845593,1925,1157,0.6637856525496975,3587,5175,0.3068599033816425,2570,1769,0.45279819106840025,231,2665,0.9133208255159475,6277,1317,3.766135155656796,0.45629788595847215,53121,53121,53121,0,45016,0,0.817794602539748
100,23621,35841,0.3409503083061298,6903,5380,0.28308550185873615,1930,1160,0.6637931034482758,3635,5218,0.3033729398236872,2603,1779,0.4631815626756606,238,2704,0.9119822485207101,6269,1336,3.692365269461078,0.45525852708824743,53418,53418,53418,0,45199,0,0.8166735385359608
101,23721,36013,0.3413211895704329,6901,5390,0.2803339517625232,1931,1162,0.6617900172117039,3697,5262,0.2974154313949069,2635,1788,0.4737136465324385,240,2743,0.9125045570543201,6265,1356,3.6202064896755166,0.4541832669322709,53714,53714,53714,0,45390,0,0.8157289920972922
102,23835,36185,0.3413016443277601,6904,5400,0.2785185185185186,1929,1165,0.6557939914163091,3766,5305,0.29010367577756835,2666,1798,0.48275862068965525,243,2783,0.9126841537908732,6260,1375,3.5527272727272727,0.45268556405176724,54011,54011,54011,0,45603,0,0.8151870374833636
103,23953,36357,0.3411722639381687,6905,5411,0.276104232119756,1928,1168,0.6506849315068493,3837,5349,0.28266965787997755,2706,1807,0.4975096845600442,245,2822,0.9131821403260099,6256,1395,3.484587813620072,0.4512511738385903,54309,54309,54309,0,45830,0,0.814893794426595
104,24061,36529,0.34131785704508744,6896,5421,0.2720900202914591,1925,1170,0.6452991452991452,3904,5393,0.27609864639347304,2749,1817,0.5129334067143643,250,2861,0.9126179657462425,6248,1414,3.418670438472419,0.44984891493452983,54605,54605,54605,0,46033,0,0.8141940679702216
105,24154,36701,0.341870793711343,6895,5431,0.2695636162769288,1927,1173,0.6427962489343564,3968,5436,0.27005150846210446,2774,1827,0.518336070060208,251,2900,0.913448275862069,6242,1433,3.3558967201674808,0.4487714249285077,54901,54901,54901,0,46211,0,0.8130465215845605
106,24257,36873,0.3421473707048518,6905,5442,0.26883498713708187,1936,1176,0.6462585034013606,4043,5480,0.2622262773722628,2808,1836,0.5294117647058822,256,2939,0.9128955427015992,6238,1453,3.293186510667584,0.44776173481403647,55199,55199,55199,0,46443,0,0.8128601438706128
107,24364,37045,0.342313402618437,6918,5452,0.268892149669846,1936,1179,0.642069550466497,4096,5523,0.258374072062285,2854,1846,0.5460455037919827,261,2979,0.9123867069486404,6230,1472,3.2323369565217392,0.44714934409687185,55496,55496,55496,0,46659,0,0.8124021025211539
108,24475,37216,0.3423527515047291,6921,5462,0.26711827169534974,1934,1181,0.6375952582557154,4169,5567,0.2511226872642357,2885,1855,0.5552560646900269,269,3018,0.9108681245858185,6227,1491,3.1763916834339367,0.44570711597060403,55790,55790,55790,0,46880,0,0.8120822204967548
109,24579,37388,0.34259655504439923,6910,5473,0.2625616663621415,1929,1184,0.629222972972973,4223,5610,0.24723707664884131,2920,1865,0.5656836461126005,275,3057,0.910042525351652,6215,1511,3.113170086035738,0.44428398231350735,56088,56088,56088,0,47051,0,0.8108163436299022
110,24676,37560,0.34302449414270497,6906,5483,0.25952945467809596,1927,1187,0.6234203875315922,4292,5654,0.2408914043155288,2953,1875,0.5749333333333333,280,3096,0.9095607235142119,6212,1530,3.060130718954248,0.443114303449499,56385,56385,56385,0,47246,0,0.8100038499869461
111,24803,37732,0.3426534506519665,6897,5493,0.255598033861278,1926,1189,0.6198486122792262,4351,5698,0.23639873639873643,2993,1884,0.5886411889596603,284,3135,0.9094098883572568,6208,1550,3.0051612903225804,0.44168239798168696,56681,56681,56681,0,47462,0,0.8095846417937925
112,24926,37904,0.34239130434782605,6897,5504,0.25308866279069764,1925,1192,0.6149328859060403,4409,5741,0.23201532834001048,3034,1894,0.6019007391763465,291,3175,0.9083464566929134,6205,1569,2.9547482472912683,0.44044297021709755,56979,56979,56979,0,47687,0,0.8092993397833228
113,25050,38076,0.3421052631578947,6890,5514,0.24954660863257172,1934,1195,0.6184100418410041,4463,5785,0.2285220397579948,3073,1903,0.6148187073042564,294,3214,0.9085252022401992,6200,1588,2.9042821158690177,0.43937145351374945,57275,57275,57275,0,47904,0,0.8089055797732685
114,25158,38248,0.34224011713030744,6921,5524,0.252896451846488,1937,1197,0.6182121971595655,4518,5828,0.22477693891557993,3116,1913,0.6288552012545741,300,3253,0.9077774362127267,6197,1608,2.853855721393035,0.4391447082732626,57571,57571,57571,0,48147,0,0.808967485044796
115,25282,38420,0.34195731389901096,6931,5535,0.2522131887985546,1936,1200,0.6133333333333333,4568,5872,0.2220708446866485,3156,1923,0.641185647425897,305,3292,0.9073511543134872,6195,1627,2.807621389059619,0.438265738132679,57869,57869,57869,0,48373,0,0.8087070293510161
116,25411,38592,0.3415474709784412,6920,5545,0.24797114517583418,1935,1203,0.6084788029925188,4633,5916,0.21686950642325897,3198,1932,0.65527950310559,314,3331,0.9057340138096668,6193,1646,2.762454434993925,0.43670592280581105,58165,58165,58165,0,48604,0,0.8085630032066354
117,25537,39026,0.3456413672935992,6910,5555,0.24392439243924402,1932,1206,0.6019900497512438,4692,5959,0.2126195670414499,3231,1942,0.6637487126673531,323,3371,0.904182735093444,6193,1666,2.7172869147659062,0.4376500638569604,58725,58725,58725,0,48818,0,0.8044966723118596
118,25667,39460,0.34954384186517995,6904,5566,0.24038807042759602,1931,1208,0.5985099337748345,4752,6003,0.20839580209895048,3277,1951,0.6796514607893387,326,3410,0.9043988269794722,6195,1685,2.6765578635014835,0.43899600222660795,59283,59283,59283,0,49052,0,0.8008715328427028
119,25790,39894,0.35353687271268863,6897,5576,0.23690817790530838,1926,1211,0.5904211395540875,4837,6046,0.19996692027786966,3296,1961,0.6807751147373788,330,3449,0.9043200927805161,6199,1705,2.6357771260997067,0.4394405267203636,59842,59842,59842,0,49275,0,0.7971168590874963
120,25918,40329,0.35733591212279003,6905,5586,0.2361260293591121,1922,1214,0.5831960461285008,4933,6090,0.189983579638752,3321,1971,0.6849315068493151,338,3488,0.9030963302752294,6201,1724,2.5968677494199537,0.4399192079732459,60402,60402,60402,0,49538,0,0.794080776820535
121,26036,40763,0.3612835169148493,6908,5597,0.23423262462033234,1939,1216,0.5945723684210527,5042,6134,0.17802412781219434,3345,1980,0.6893939393939394,347,3527,0.9016161043379642,6209,1743,2.5622489959839356,0.4406824146981627,60960,60960,60960,0,49826,0,0.7915365334894021
122,26175,41197,0.3646382018108114,6907,5607,0.2318530408418049,1953,1219,0.6021328958162429,5178,6177,0.16172899465760082,3364,1990,0.6904522613065327,355,3567,0.9004765909728063,6206,1763,2.520136131593874,0.4402470741222367,61520,61520,61520,0,50138,0,0.7894029109478861
123,26291,41632,0.3684905841660261,6902,5617,0.22876980594623464,1950,1222,0.5957446808510638,5321,6248,0.14836747759282976,3382,2012,0.6809145129224652,363,3797,0.9043982091124572,6203,1763,2.518434486670448,0.4418776388242282,62291,62291,62291,0,50412,0,0.7840308725420037
124,26450,42066,0.37122616840203493,6898,5628,0.2256574271499645,1948,1225,0.590204081632653,5466,6318,0.1348528015194682,3393,2033,0.6689621249385145,375,4027,0.9068785696548299,6197,1763,2.515031196823596,0.44254678084364096,63060,63060,63060,0,50727,0,0.7794650663100848
125,26584,42500,0.37449411764705887,6913,5638,0.2261440227030862,1948,1227,0.5876120619396903,5654,6389,0.1150414775395211,3412,2055,0.6603406326034063,379,4257,0.9109701667841202,6197,1764,2.5130385487528346,0.44360018799937334,63830,63830,63830,0,51087,0,0.7757021319366122
126,26713,42934,0.37781245632831784,6917,5648,0.2246813031161472,1946,1230,0.5821138211382113,5848,6460,0.09473684210526312,3426,2077,0.6494944631680308,382,4487,0.9148651660352128,6199,1764,2.514172335600907,0.44438080495356036,64600,64600,64600,0,51431,0,0.7717812241720426
127,26867,43369,0.38050220203371077,6910,5659,0.22106379218943273,1945,1233,0.5774533657745338,6043,6530,0.07457886676875958,3440,2099,0.6388756550738446,389,4717,0.9175323298706806,6196,1765,2.5104815864022663,0.4444104509575965,65372,65372,65372,0,51790,0,0.7681586471503695
128,27016,43803,0.3832385909640892,6900,5669,0.2171458811077791,1943,1235,0.5732793522267206,6241,6601,0.054537191334646296,3448,2121,0.6256482791136257,400,4947,0.9191429148979179,6199,1765,2.5121813031161473,0.4444142060144237,66141,66141,66141,0,52147,0,0.7646250749386001
129,27189,44237,0.385378755340552,6899,5679,0.21482655397076944,1941,1238,0.5678513731825525,6448,6671,0.03342827162344475,3454,2142,0.6125116713352008,407,5177,0.9213830403708712,6205,1765,2.5155807365439093,0.4441256034315264,66909,66909,66909,0,52543,0,0.7617669832386369
130,27354,44671,0.38765642139195455,6902,5690,0.21300527240773293,1937,1241,0.5608380338436745,6635,6742,0.015870661524770124,3457,2164,0.5975046210720887,416,5407,0.9230626965045312,6207,1766,2.514722536806342,0.4440980481966874,67681,67681,67681,0,52908,0,0.7584708719066496
131,27554,45106,0.3891278322174434,6914,5700,0.21298245614035083,1933,1243,0.5551086082059533,6852,6813,0.005724350506384868,3461,2186,0.5832570905763952,430,5637,0.9237182898704985,6206,1766,2.5141562853907136,0.444361660165666,68451,68451,68451,0,53350,0,0.7563960655288302
132,27737,45540,0.3909310496267018,6911,5710,0.21033274956217163,1933,1246,0.5513643659711076,7089,6883,0.029928810111869764,3464,2208,0.568840579710145,438,5867,0.9253451508437021,6212,1912,2.2489539748953975,0.4452037021018943,69366,69366,69366,0,53784,0,0.7526751878660144
133,27904,45974,0.3930482446600252,6904,5721,0.20678203111344162,1933,1249,0.5476381104883907,7317,6954,0.052200172562553826,3466,2230,0.5542600896860987,447,6097,0.926685255043464,6204,2059,2.013113161728995,0.44577713277559616,70284,70284,70284,0,54175,0,0.748407419633401
134,28093,46408,0.39465178417514224,6902,5731,0.2043273425231198,1929,1252,0.54073482428115,7540,7024,0.0734624145785876,3469,2251,0.5410928476232786,463,6327,0.9268215584005057,6198,2205,1.8108843537414967,0.44599567403578755,71198,71198,71198,0,54594,0,0.7446847816162526
135,28302,46843,0.3958115406784365,6903,5741,0.20240376241072977,1924,1254,0.5342902711323765,7801,7041,0.10793921317994593,3470,2273,0.5266168059832821,474,6327,0.9250829777145566,6199,2351,1.6367503190131858,0.4459278852847,71830,71830,71830,0,55073,0,0.7448011566408737
136,28473,47277,0.39774097341201853,6913,5752,0.20184283727399155,1935,1257,0.5393794749403342,8089,7057,0.14623777809267402,3463,2295,0.5089324618736384,488,6327,0.9228702386597123,6198,2498,1.4811849479583667,0.446876336889171,72463,72463,72463,0,55559,0,0.7450018227442137
137,28669,47711,0.39911131604871,6911,5762,0.19940992710864291,1939,1260,0.538888888888889,8349,7074,0.18023748939779471,3461,2317,0.4937419076391887,501,6327,0.9208155523944997,6198,2644,1.3441754916792736,0.4469389151104727,73095,73095,73095,0,56028,0,0.7449766342638204
138,28883,47711,0.39462597723795356,6900,5772,0.19542619542619533,1936,1262,0.5340729001584785,8580,7090,0.21015514809590963,3457,2338,0.47861420017108647,511,6327,0.9192350244981824,6199,2790,1.2218637992831543,0.442952653840906,73290,73290,73290,0,56466,0,0.7489707611067533
139,29088,47711,0.3903292741715747,6906,5783,0.19418986685111528,1935,1265,0.5296442687747036,8824,7107,0.24159279583509208,3450,2360,0.4618644067796611,529,6327,0.9163900742848111,6200,2937,1.110997616615594,0.439297863654919,73490,73490,73490,0,56932,0,0.7532734668868412
140,29320,47923,0.38818521378043946,6914,5793,0.1935094079060935,1934,1268,0.525236593059937,8979,7123,0.2605643689456689,3446,2382,0.44668345927791764,542,6327,0.9143353880195986,6201,3083,1.011352578657152,0.43590576327149216,73899,73899,73899,0,57336,0,0.7545713349505941
141,29541,48135,0.3862885634153942,6911,5803,0.19093572290194727,1933,1271,0.5208497246262784,9133,7140,0.2791316526610643,3443,2404,0.43219633943427627,553,6327,0.9125968073336495,6198,3229,0.9194797150820688,0.43250481099193905,74309,74309,74309,0,57712,0,0.755467939031799
142,29773,48347,0.3841810246757813,6905,5814,0.1876504987960097,1932,1273,0.5176747839748626,9268,7157,0.2949559871454519,3440,2430,0.4156378600823045,561,6327,0.9113323850165955,6199,3375,0.8367407407407408,0.42871672711213415,74723,74723,74723,0,58078,0,0.7561803873173447
143,29977,48558,0.3826557930722023,6897,5824,0.18423763736263732,1932,1276,0.5141065830721003,9385,7173,0.3083786421302106,3437,2456,0.3994299674267101,581,6327,0.9081713292239608,6198,3522,0.7597955706984667,0.42489618824531517,75136,75136,75136,0,58407,0,0.7564026176734715
144,30193,48770,0.380910395735083,6912,5834,0.18477888241343843,1929,1279,0.508209538702111,9516,7190,0.32350486787204447,3433,2483,0.382601691502215,594,6327,0.9061166429587482,6197,3782,0.638551031200423,0.4193352276481861,75665,75665,75665,0,58774,0,0.7559646743079885
145,30423,48982,0.37889428769752154,6928,5845,0.18528656971770752,1928,1281,0.5050741608118656,9657,7206,0.34013322231473775,3428,2509,0.3662813870067756,606,6327,0.9042200094831674,6197,4042,0.533151904997526,0.41388859722805543,76192,76192,76192,0,59167,0,0.7558938875671193
146,30649,49194,0.3769768670976136,6922,5855,0.18223740392826637,1926,1284,0.5,9815,7223,0.35885366191333246,3427,2535,0.3518737672583827,617,6327,0.9024814287972183,6204,4303,0.4417848013014176,0.4086104195722162,76721,76721,76721,0,59560,0,0.7558043701400393
147,30894,49406,0.3746913330364733,6915,5865,0.17902813299232734,1922,1287,0.4933954933954934,9949,7239,0.37436109959939223,3431,2562,0.3391881342701015,632,6327,0.9001106369527422,6199,4563,0.3585360508437432,0.40268482439902137,77249,77249,77249,0,59942,0,0.7555834649188203
148,31117,49617,0.37285607755406414,6909,5876,0.1757998638529612,1955,1290,0.5155038759689923,10100,7256,0.3919514884233737,3429,2588,0.3249613601236476,646,6327,0.8978978978978979,6200,4824,0.285240464344942,0.39779886343181875,77778,77778,77778,0,60356,0,0.7557672745701092
149,31351,49829,0.37082823255533925,6904,5876,0.17494894486044932,1974,1290,0.5302325581395348,10270,7272,0.4122662266226622,3428,2614,0.31140015302218815,665,6327,0.8948948948948949,6198,4887,0.26826273787599764,0.3966323068058134,78095,78095,78095,0,60790,0,0.7582568292658167
150,31562,50041,0.36927719270198434,6900,5876,0.17426820966643985,1974,1290,0.5302325581395348,10434,7289,0.4314720812182742,3428,2641,0.29799318439984845,685,6327,0.8917338391022601,6198,4950,0.2521212121212122,0.3954523426939067,78414,78414,78414,0,61181,0,0.7601584803927098
151,31795,50253,0.367301454639524,6910,5876,0.17597004765146362,1973,1290,0.5294573643410854,10580,7305,0.44832306639288166,3430,2667,0.28608923884514437,690,6327,0.8909435751541015,6198,5013,0.23638539796529034,0.3941903443370464,78731,78731,78731,0,61576,0,0.7621148858964569
152,32040,50253,0.3624261238135037,6922,5876,0.17801225323349223,1969,1291,0.5251742835011619,10737,7322,0.46640262223436224,3429,2693,0.2733011511325658,712,6327,0.8874664137822033,6199,5076,0.22123719464144997,0.3910043380095893,78838,78838,78838,0,62008,0,0.7665601243247413
153,32278,50253,0.3576900881539411,6916,5876,0.17699115044247793,1968,1291,0.5243996901626646,10861,7332,0.48131478450627396,3428,2953,0.16085336945479178,729,6327,0.8847795163584637,6201,5139,0.20665499124343256,0.38342322314989075,79171,79171,79171,0,62381,0,0.768047227918227
154,32502,50253,0.35323264282729394,6905,5876,0.17511912865895174,1968,1291,0.5243996901626646,10934,7343,0.48903717826501425,3426,2945,0.16332767402376902,741,6327,0.8828828828828829,6196,5202,0.19108035371011156,0.37998662241124725,79237,79237,79237,0,62672,0,0.7710800141539174
155,32752,50253,0.34825781545380374,6897,5876,0.1737576582709326,1967,1292,0.5224458204334366,11032,7354,0.5001359804188197,3425,2937,0.16615594143684032,754,6327,0.8808281966176703,6199,5265,0.177397910731244,0.3766518712801372,79304,79304,79304,0,63026,0,0.7748924024199783
156,33018,50597,0.34743166590904595,6911,5876,0.17614023144996604,1965,1292,0.5208978328173375,11114,7365,0.509029192124915,3428,2929,0.1703653123933082,766,6327,0.8789315631420894,6198,5328,0.16328828828828823,0.37591891010362044,79714,79714,79714,0,63400,0,0.7755986035265318
157,33239,50941,0.34750004907638243,6923,5876,0.17818243703199466,1963,1292,0.5193498452012384,11171,7375,0.5147118644067796,3429,2920,0.1743150684931507,786,6327,0.8757705073494547,6198,5391,0.14969393433500278,0.3753401063378348,80122,80122,80122,0,63709,0,0.7755056923381088
158,33465,51286,0.34748274382872524,6922,5876,0.17801225323349223,1960,1293,0.5158546017014694,11228,7386,0.520173300839426,3428,2912,0.17719780219780223,799,6327,0.8737158210842422,6198,5454,0.13641364136413636,0.3745498795539772,80534,80534,80534,0,64000,0,0.7751517009153147
159,33690,51541,0.346345627752663,6914,5876,0.1766507828454731,1958,1293,0.51430781129157,11281,7397,0.5250777342165742,3430,2904,0.18112947658402212,821,6327,0.8702386597123439,6199,5517,0.1236179082834874,0.37291447653206355,80855,80855,80855,0,64293,0,0.7756980654444865
160,33919,51797,0.3451551248141784,6909,5876,0.1757998638529612,1955,1293,0.5119876256767208,11345,7408,0.531452483801296,3432,2916,0.17695473251028804,837,6327,0.8677098150782361,6197,5534,0.11980484279002535,0.3718869761309164,81151,81151,81151,0,64594,0,0.7765778250608613
161,34162,52053,0.34370737517530214,6894,5876,0.17324710687542555,1951,1294,0.5077279752704791,11393,7418,0.5358587220275006,3436,2928,0.17349726775956276,853,6327,0.8651809704441283,6202,5509,0.12579415501905977,0.37118113138013636,81405,81405,81405,0,64891,0,0.7778031703398312
162,34377,52309,0.34280907683190276,6916,5876,0.17699115044247793,1950,1294,0.5069551777434311,11419,7429,0.537084398976982,3436,2940,0.16870748299319738,862,6327,0.8637584953374426,6201,5485,0.13053783044667266,0.3709894685280431,81660,81660,81660,0,65161,0,0.7786807137094532
163,34583,52564,0.34207822844532376,6919,5876,0.17750170183798497,1948,1294,0.5054095826893354,11427,7440,0.5358870967741935,3435,2952,0.16361788617886175,880,6327,0.8609135451240715,6201,5460,0.13571428571428568,0.3703441456179117,81913,81913,81913,0,65393,0,0.7791079203730049
164,34818,52820,0.3408178720181749,6914,5876,0.1766507828454731,1947,1295,0.5034749034749035,11442,7451,0.5356328009663132,3441,2964,0.16093117408906887,889,6327,0.8594910700173858,6198,5435,0.14038638454461827,0.369499075065719,82168,82168,82168,0,65649,0,0.7798056065805904
165,35091,53076,0.3388537191951164,6903,5876,0.1747787610619469,1945,1295,0.501930501930502,11441,7461,0.5334405575660099,3439,2976,0.15557795698924726,905,6327,0.856962225383278,6202,5411,0.14618369987063384,0.36783868384654583,82422,82422,82422,0,65926,0,0.7807632316798179
166,35357,53212,0.33554461399684277,6907,5876,0.17545949625595636,1943,1295,0.5003861003861003,11429,7472,0.5295770877944326,3444,2989,0.15222482435597184,925,6327,0.8538011695906433,6205,5386,0.15206089862606764,0.3654081422532311,82557,82557,82557,0,66210,0,0.7829265487059117
167,35582,53348,0.333020919247207,6916,5876,0.17699115044247793,1942,1296,0.4984567901234569,11416,7483,0.5255913403715087,3441,3001,0.14661779406864373,946,6327,0.8504820610083768,6201,5410,0.14621072088724585,0.3625409410086898,82741,82741,82741,0,66444,0,0.7840135734583091
168,35824,53484,0.33019220701518215,6908,5876,0.17562968005445878,1940,1296,0.49691358024691357,11406,7494,0.5220176140912731,3437,3013,0.14072353136408888,962,6327,0.847953216374269,6200,5434,0.1409642988590356,0.35940137957647966,82924,82924,82924,0,66677,0,0.7850931826915484
169,36092,53620,0.3268929503916449,6897,5876,0.1737576582709326,1939,1296,0.496141975308642,11398,7505,0.5187208527648235,3437,3025,0.13619834710743794,974,6327,0.8460565828986881,6199,5458,0.13576401612312194,0.3560590563971747,83107,83107,83107,0,66936,0,0.7864808870674426
170,36341,53756,0.32396383659498473,6909,5876,0.1757998638529612,1935,1297,0.49190439475713177,11387,7515,0.5152361942781105,3433,3037,0.1303918340467567,992,6327,0.843211632685317,6198,5482,0.1306092666909886,0.35304358266298475,83290,83290,83290,0,67195,0,0.7878624934747744
171,36614,53892,0.32060417130557406,6919,5876,0.17750170183798497,1933,1297,0.4903623747108712,11381,7526,0.5122242891310125,3434,3038,0.1303489137590521,1012,6327,0.8400505768926821,6197,5506,0.1254994551398474,0.3500275574512952,83462,83462,83462,0,67490,0,0.7897733948565091
172,36840,54028,0.31813133930554527,6912,5876,0.17631041524846824,1930,1297,0.4880493446414804,11369,7537,0.508425102826058,3432,3040,0.1289473684210527,1035,6327,0.8364153627311522,6201,5530,0.12133815551537075,0.34727087941651225,83635,83635,83635,0,67719,0,0.7908778272435459
173,37068,54028,0.31391130524913013,6905,5876,0.17511912865895174,1929,1297,0.48727833461835,11370,7548,0.5063593004769475,3431,3041,0.1282472870766196,1049,6327,0.8342026236763078,6201,5554,0.11649261793302124,0.3437033141709792,83671,83671,83671,0,67953,0,0.7933342147400408
174,37318,54028,0.3092840749241135,6896,5876,0.17358747447243017,1928,1298,0.48536209553158716,11364,7558,0.5035723736438211,3433,3043,0.1281629970423923,1068,6327,0.8311996206733049,6199,5578,0.11133022588741492,0.3397046877239929,83708,83708,83708,0,68206,0,0.7960059621722412
175,37572,54028,0.30458280891389655,6910,5876,0.17597004765146362,1926,1298,0.4838212634822805,11369,7601,0.49572424680963034,3434,3044,0.1281208935611038,1083,6327,0.8288288288288288,6202,5600,0.10749999999999993,0.33568887721727503,83774,83774,83774,0,68496,0,0.7988405362226223
176,37811,54028,0.3001591767231806,6934,5876,0.18005445881552085,1925,1298,0.48305084745762716,11368,7645,0.4869849574885545,3434,3046,0.12738017071569274,1103,6327,0.8256677730361941,6198,5622,0.10245464247598712,0.3317311132845113,83842,83842,83842,0,68773,0,0.8014964705221006
177,38075,54028,0.29527282149996303,6929,5876,0.17920353982300874,1940,1299,0.4934565050038491,11366,7688,0.47840790842872005,3435,3047,0.1273383656055136,1118,6327,0.823296981191718,6199,5644,0.09833451452870312,0.3274618932414878,83909,83909,83909,0,69062,0,0.8043006957717761
178,38334,54028,0.2904790108832457,6919,5876,0.17750170183798497,1950,1299,0.5011547344110854,11362,7731,0.46966757211227517,3436,3048,0.1272965879265091,1138,6327,0.8201359253990833,6199,5666,0.09406989057536186,0.3230604346531706,83975,83975,83975,0,69338,0,0.8069552495565818
179,38596,54028,0.28562967350262825,6912,5876,0.17631041524846824,1949,1299,0.5003849114703618,11369,7774,0.46243889889374845,3432,3050,0.12524590163934435,1154,6327,0.8176070807649756,6200,5688,0.09001406469760909,0.31865019871016875,84042,84042,84042,0,69612,0,0.8095722029641603
180,38847,54028,0.2809839342563115,6907,5876,0.17545949625595636,1948,1300,0.4984615384615385,11366,7817,0.45401048995778437,3430,3051,0.12422156669944284,1171,6327,0.814920183341236,6195,5710,0.08493870402802095,0.31422321035798784,84109,84109,84109,0,69864,0,0.8119234217683478
181,39075,54028,0.2767639001998964,6906,5876,0.17528931245745416,1942,1300,0.4938461538461538,11363,7860,0.445674300254453,3433,3053,0.1244677366524729,1185,6327,0.8127074442863916,6200,5713,0.08524417994048661,0.3105742837791271,84157,84157,84157,0,70104,0,0.8143121437493489
182,39325,54028,0.2721366698748797,6897,5876,0.1737576582709326,1939,1300,0.4915384615384615,11369,7903,0.4385676325446033,3430,3055,0.12274959083469716,1205,6327,0.8095463884937569,6194,5715,0.08381452318460192,0.3064581255047266,84204,84204,84204,0,70359,0,0.8168859802564481
183,39584,54028,0.2673428592581625,6914,5876,0.1766507828454731,1939,1301,0.49039200614911604,11365,7947,0.4300994085818548,3431,3057,0.12234216552175337,1226,6327,0.8062272799114905,6195,5718,0.08342077649527813,0.302537564982078,84254,84254,84254,0,70654,0,0.8199025219160391
184,39809,54028,0.26317835196564743,6939,5876,0.18090537780803273,1936,1301,0.488086087624904,11363,7990,0.42215269086357954,3435,3058,0.12328319162851531,1239,6327,0.8041725936462778,6198,5721,0.08337703198741475,0.29930843050497624,84301,84301,84301,0,70919,0,0.8225889026407037
185,40023,54028,0.2592174428074332,6935,5876,0.18022464261402305,1934,1301,0.4865488086087626,11362,8033,0.4144155359143533,3434,3060,0.12222222222222223,1259,6327,0.8010115378536431,6197,5723,0.08282369386685295,0.2957035140133732,84348,84348,84348,0,71144,0,0.8247980637539001
186,40251,54028,0.25499740875101795,6931,5876,0.17954390742001358,1933,1302,0.48463901689708133,11369,8076,0.40775136206042606,3436,3062,0.12214239059438281,1279,6327,0.7978504820610084,6199,5726,0.08260565840027945,0.2920838418427195,84397,84397,84397,0,71398,0,0.827328780424825
187,40491,54028,0.25055526763900204,6923,5876,0.17818243703199466,1933,1302,0.48463901689708133,11375,8119,0.4010346101736668,3435,3064,0.12108355091383816,1295,6327,0.7953216374269005,6199,5729,0.08203875021818807,0.2882823139321452,84445,84445,84445,0,71651,0,0.8298545453432881
188,40715,54028,0.24640926926778706,6920,5876,0.1776718856364874,1930,1302,0.4823348694316436,11373,8162,0.3934084783141387,3435,3065,0.12071778140293632,1309,6327,0.7931088983720562,6198,5731,0.08148665154423318,0.28465753748920003,84491,84491,84491,0,71880,0,0.8321130899328207
189,40941,54028,0.24222625305397205,6913,5876,0.17648059904697067,1929,1303,0.4804297774366846,11364,8200,0.38585365853658526,3434,3073,0.11747478034493986,1335,6327,0.7889995258416311,6200,5731,0.08183563077996858,0.2807731434384537,84538,84538,84538,0,72116,0,0.8344421098383444
190,41175,54028,0.23789516546975642,6907,5876,0.17545949625595636,1928,1303,0.47966231772831924,11358,8237,0.37890008498239647,3432,3081,0.11392405063291133,1359,6327,0.7852062588904694,6198,5731,0.08148665154423318,0.27684049986403886,84583,84583,84583,0,72357,0,0.8368474407565818
191,41400,54028,0.23373065817724148,6904,5876,0.17494894486044932,1924,1303,0.4765924788948581,11353,8274,0.3721295624848924,3434,3089,0.11168662997733891,1375,6327,0.7826774142563616,6197,5731,0.08131216192636548,0.27318381623103466,84628,84628,84628,0,72587,0,0.8391202330376939
192,41607,54028,0.2298993114681276,6905,5876,0.17511912865895174,1937,1304,0.48542944785276076,11349,8311,0.36553964625195534,3437,3097,0.10978366160800768,1388,6327,0.7806227279911491,6197,5730,0.081500872600349,0.27006247564158586,84673,84673,84673,0,72820,0,0.8414260399597742
193,41824,54028,0.22588287554601316,6908,5876,0.17562968005445878,1963,1304,0.5053680981595092,11345,8348,0.35900814566363204,3434,3104,0.10631443298969079,1405,6327,0.7779358305674096,6196,5730,0.08132635253054099,0.2668885819847256,84717,84717,84717,0,73075,0,0.8439990448376826
194,42054,54028,0.2216258236469979,6903,5876,0.1747787610619469,1963,1304,0.5053680981595092,11343,8386,0.35261149534939173,3429,3112,0.10186375321336771,1433,6327,0.7735103524577209,6196,5730,0.08132635253054099,0.2630157026060899,84763,84763,84763,0,73321,0,0.8464432250098978
195,42289,54028,0.2172762271414822,6899,5876,0.17409802586793743,1962,1304,0.5046012269938651,11353,8423,0.34785705805532463,3431,3120,0.09967948717948727,1450,6327,0.7708234550339813,6198,5729,0.08186419968580894,0.25949508884879785,84807,84807,84807,0,73582,0,0.8490816451650685
196,42501,54028,0.2133523358258681,6908,5876,0.17562968005445878,1961,1305,0.5026819923371648,11351,8460,0.3417257683215129,3430,3128,0.09654731457800514,1470,6327,0.7676623992413466,6195,5729,0.08134054808867175,0.256101728872285,84853,84853,84853,0,73816,0,0.8513790565037649
197,42700,54028,0.20966906048715483,6911,5876,0.17614023144996604,1960,1305,0.5019157088122606,11355,8497,0.33635400729669285,3434,3136,0.09502551020408156,1488,6327,0.7648174490279753,6194,5729,0.08116599755629261,0.2529859360644538,84898,84898,84898,0,74042,0,0.8535898028400428
198,42893,54028,0.20609683867624196,6904,5876,0.17494894486044932,1958,1305,0.500383141762452,11359,8573,0.32497375481161783,3434,3141,0.09328239414199291,1499,6327,0.7630788683420262,6196,5729,0.08151509862105089,0.24935572317866767,84979,84979,84979,0,74243,0,0.8551414712048149
199,43097,54028,0.20232101873102837,6896,5876,0.17358747447243017,1955,1306,0.49693721286370596,11362,8649,0.3136778818360504,3433,3146,0.09122695486331844,1510,6327,0.7613402876560771,6194,5728,0.0813547486033519,0.2455090524335763,85060,85060,85060,0,74447,0,0.8567254535799901
200,43309,54028,0.19839712741541426,6913,5876,0.17648059904697067,1953,1306,0.49540581929555905,11360,8725,0.3020057306590258,3432,3151,0.08917803871786734,1533,6327,0.7577050734945472,6193,5728,0.08118016759776547,0.24169319129444097,85141,85141,85141,0,74693,0,0.858799721421101
201,43493,54028,0.19499148589620197,6923,5876,0.17818243703199466,1950,1306,0.49310872894333846,11363,8801,0.2911032837177594,3432,3156,0.0874524714828897,1549,6327,0.7551762288604393,6197,5728,0.08187849162011163,0.23833047804557508,85222,85222,85222,0,74907,0,0.8604945563529833
202,43702,54028,0.19112312134448806,6918,5876,0.17733151803948255,1949,1307,0.49120122417750567,11359,8876,0.2797431275349256,3431,3162,0.08507273877292842,1568,6327,0.7521732258574364,6197,5728,0.08187849162011163,0.23433836631342023,85304,85304,85304,0,75124,0,0.8622112337230838
203,43903,54028,0.18740282816317466,6910,5876,0.17597004765146362,1949,1307,0.49120122417750567,11354,8952,0.2683199285075961,3429,3167,0.08272813388064404,1585,6327,0.7494863284336968,6199,5728,0.08222765363128492,0.23046202494583357,85385,85385,85385,0,75329,0,0.8637941919718211
204,44091,54028,0.1839231509587621,6904,5876,0.17494894486044932,1948,1307,0.4904361132364192,11353,9028,0.2575321222862206,3429,3172,0.08102143757881453,1599,6327,0.7472735893788525,6200,5728,0.08240223463687157,0.22685044345119695,85466,85466,85466,0,75524,0,0.8652571441452033
205,44293,54028,0.18018434885614865,6898,5876,0.173927842069435,1946,1308,0.48776758409785925,11355,9104,0.24725395430579966,3433,3177,0.08057916273213728,1614,6327,0.7449027975343765,6196,5728,0.0817039106145252,0.2230677514377893,85548,85548,85548,0,75735,0,0.8668942240790427
206,44463,54028,0.17703783223513736,6903,5876,0.1747787610619469,1942,1308,0.4847094801223242,11352,9180,0.23660130718954253,3435,3182,0.07950974230044006,1629,6327,0.7425320056899004,6197,5727,0.08206740003492219,0.21977624141635912,85628,85628,85628,0,75921,0,0.8682564941551122
207,44668,54028,0.1732435033686237,6909,5876,0.1757998638529612,1941,1308,0.4839449541284404,11349,9256,0.226123595505618,3434,3188,0.07716436637390212,1641,6327,0.7406353722143195,6197,5727,0.08206740003492219,0.21608913779022285,85710,85710,85710,0,76139,0,0.8699692810817168
208,44862,54028,0.16965277263641076,6914,5876,0.1766507828454731,1940,1309,0.4820473644003056,11348,9331,0.2161611831529311,3433,3193,0.07516442217350461,1655,6327,0.7384226331594752,6196,5727,0.08189278854548632,0.21252812066533786,85791,85791,85791,0,76348,0,0.8715840482278321
209,45051,54028,0.16615458651069814,6910,5876,0.17597004765146362,1936,1309,0.47899159663865554,11346,9407,0.20612309981928356,3433,3198,0.07348342714196376,1662,6327,0.7373162636320532,6199,5727,0.08241662301379438,0.20902040245947456,85872,85872,85872,0,76537,0,0.8729628642807195
210,45249,54028,0.16248982009328494,6900,5876,0.17426820966643985,1936,1309,0.47899159663865554,11355,9483,0.1974058842138564,3432,3203,0.071495472994068,1675,6327,0.7352615773668405,6198,5727,0.08224201152435828,0.20539131851127942,85953,85953,85953,0,76745,0,0.8745601326482374
211,45428,54028,0.15917672318057308,6902,5876,0.17460857726344448,1934,1310,0.47633587786259546,11357,9559,0.1880949890155874,3431,3208,0.06951371571072329,1686,6327,0.7335229966808914,6197,5727,0.08206740003492219,0.20203405590747953,86035,86035,86035,0,76935,0,0.875934992520648
212,45609,54028,0.15582660842526097,6903,5876,0.1747787610619469,1931,1310,0.4740458015267175,11349,9640,0.17728215767634858,3428,3214,0.06658369632856265,1708,6327,0.7300458353089931,6197,5752,0.07736439499304582,0.19796394534922865,86147,86147,86147,0,77125,0,0.8770017189398812
213,45790,54028,0.15247649366994886,6905,5876,0.17511912865895174,1928,1310,0.47175572519083975,11352,9720,0.16790123456790118,3431,3219,0.06585896241068645,1724,6327,0.7275169906748854,6195,5776,0.0725415512465375,0.19420098312001485,86256,86256,86256,0,77325,0,0.8782121485057729
214,45952,54028,0.1494780484193381,6907,5876,0.17545949625595636,1928,1311,0.4706331045003813,11353,9801,0.15835118865421904,3431,3224,0.06420595533498763,1740,6327,0.7249881460407777,6194,5801,0.06774694018272709,0.19061457947387922,86368,86368,86368,0,77505,0,0.8791574087800337
215,46125,54028,0.14627600503442661,6902,5876,0.17460857726344448,1927,1311,0.46987032799389783,11357,9882,0.14926128314106446,3431,3229,0.06255806751316206,1750,6327,0.7234076181444602,6198,5826,0.06385169927909362,0.18699337411394673,86479,86479,86479,0,77690,0,0.8801682151911325
216,46285,54028,0.14331457762641597,6901,5876,0.17443839346494205,1927,1311,0.46987032799389783,11357,9962,0.14003212206384252,3433,3234,0.061533704390847266,1762,6327,0.7215109846688794,6197,5851,0.05913519056571537,0.18349905877189943,86589,86589,86589,0,77862,0,0.8810364720866848
217,46442,54028,0.14040867698230552,6903,5876,0.1747787610619469,1926,1312,0.4679878048780488,11360,10043,0.1311361147067609,3430,3240,0.058641975308642014,1779,6327,0.7188240872451399,6194,5876,0.05411844792375775,0.17992664529076607,86702,86702,86702,0,78034,0,0.8818720108130602
218,46594,54028,0.1375953209446954,6913,5886,0.17448182127081213,1923,1315,0.4623574144486693,11354,10123,0.1216042675096316,3431,3245,0.05731895223420658,1792,6327,0.7167694009799273,6196,5901,0.04999152685985431,0.17640080621940685,86825,86825,86825,0,78203,0,0.8825691572878082
219,46759,54028,0.13454134893018432,6908,5896,0.17164179104477606,1941,1319,0.4715693707354056,11354,10204,0.11270090160721291,3430,3250,0.055384615384615365,1808,6327,0.7142405563458195,6193,5926,0.04505568680391492,0.17273145485911442,86950,86950,86950,0,78393,0,0.8834855328523743
220,46924,54028,0.13148737691567336,6904,5906,0.16898069759566536,1948,1323,0.47241118669690096,11354,10285,0.10393777345649013,3432,3255,0.05437788018433176,1820,6327,0.7123439228702386,6194,5950,0.04100840336134448,0.1690975492110159,87074,87074,87074,0,78576,0,0.8843290429004519
221,47085,54028,0.12850744058636265,6896,5916,0.16565246788370525,1946,1327,0.4664657121326299,11347,10365,0.09474191992281722,3433,3260,0.053067484662576714,1835,6327,0.7099731310257626,6193,5975,0.03648535564853561,0.16522167939631643,87198,87198,87198,0,78735,0,0.8848949182494317
222,47241,54028,0.12562004886355227,6898,5926,0.1640229497131287,1945,1331,0.46130728775356866,11344,10446,0.08596591996936631,3431,3265,0.0508422664624808,1857,6327,0.7064959696538644,6192,6000,0.03200000000000003,0.16145803511102458,87323,87323,87323,0,78908,0,0.885609370744408
223,47399,54028,0.12269563929814176,6903,5936,0.1629043126684635,1944,1335,0.4561797752808989,11347,10527,0.0778949368291062,3432,3271,0.0492204218893304,1872,6327,0.7041251778093883,6193,6025,0.027883817427385882,0.15790918135141627,87449,87449,87449,0,79090,0,0.8864145625623385
224,47586,54028,0.11923447101502926,6908,5947,0.16159408104926865,1942,1339,0.4503360716952951,11348,10607,0.06985952672763274,3431,3276,0.04731379731379737,1884,6327,0.7022285443338074,6194,6050,0.023801652892561975,0.15402973485281019,87574,87574,87574,0,79293,0,0.8874673656737609
225,47751,54028,0.1161804990005183,6902,5957,0.15863689776733247,1941,1343,0.4452717795979151,11348,10688,0.06175149700598803,3429,3281,0.04510819871990246,1899,6327,0.6998577524893315,6195,6075,0.01975308641975304,0.15024116580576746,87699,87699,87699,0,79465,0,0.8881636858061546
226,47884,54028,0.1137188124676094,6898,5967,0.15602480308362665,1937,1347,0.4380103934669637,11350,10768,0.054049034175334354,3430,3286,0.04382227632379787,1910,6327,0.6981191718033823,6194,6100,0.015409836065573668,0.1469091240335675,87823,87823,87823,0,79603,0,0.8884810024881176
227,48039,54028,0.11084992966609908,6897,5977,0.15392337292956326,1935,1351,0.43227239082161373,11348,10791,0.05161708831433609,3430,3299,0.03970900272809952,1929,6327,0.6951161688003793,6195,6108,0.014243614931237714,0.144126716810232,87881,87881,87881,0,79773,0,0.8898290538513893
228,48193,54028,0.10799955578588882,6905,5987,0.15333221980958744,1933,1355,0.4265682656826568,11354,10814,0.04993526909561674,3431,3311,0.036242826940501294,1943,6327,0.692903429745535,6192,6116,0.012426422498365008,0.14158839182151062,87938,87938,87938,0,79951,0,0.8912764343232044
229,48321,54028,0.10563041385948024,6909,5997,0.1520760380190096,1930,1359,0.42016188373804275,11349,10837,0.04724554766079181,3431,3323,0.03250075233222982,1961,6327,0.6900584795321638,6190,6124,0.010777269758327934,0.13912154099664753,87995,87995,87995,0,80091,0,0.8922900969545309
230,48479,54028,0.10270600429406973,6903,6008,0.14896804260985363,1927,1363,0.4137931034482758,11343,10860,0.04447513812154691,3430,3336,0.02817745803357319,1978,6327,0.6873715821084242,6192,6132,0.009784735812133016,0.13621186998887047,88054,88054,88054,0,80252,0,0.8935206473472408
231,48630,54028,0.09991115717775967,6896,6041,0.1415328587982123,1926,1364,0.41202346041055726,11342,10883,0.04217587062390882,3430,3348,0.024492234169653626,1993,6327,0.6850007902639481,6192,6140,0.008469055374592749,0.13323348197569526,88131,88131,88131,0,80409,0,0.8945214179064568
232,48779,54028,0.09715332790404974,6895,6074,0.13516628251564033,1924,1365,0.4095238095238096,11344,10905,0.04025676295277392,3426,3360,0.019642857142857073,2011,6327,0.682155840050577,6190,6149,0.0066677508537973385,0.13027163069109376,88208,88208,88208,0,80569,0,0.8955544517675715
233,48919,54028,0.09456207892204038,6906,6108,0.13064833005893917,1934,1367,0.4147768836869057,11335,10928,0.037243777452415916,3427,3373,0.01600948710346861,2032,6327,0.6788367314683104,6189,6157,0.00519733636511277,0.12755980427691194,88288,88288,88288,0,80742,0,0.8967024633190688
234,49053,54028,0.09208188346783153,6909,6141,0.1250610649731314,1955,1368,0.42909356725146197,11329,10951,0.03451739567162826,3433,3385,0.014180206794682348,2046,6327,0.676623992413466,6186,6165,0.003406326034063323,0.12514004413512136,88365,88365,88365,0,80911,0,0.8978336115148978
235,49184,54028,0.08965721477752275,6898,6174,0.11726595400064799,1952,1369,0.4258582907231556,11315,10974,0.031073446327683607,3433,3397,0.01059758610538708,2072,6327,0.672514619883041,6189,6173,0.002591932609752101,0.12210262092670902,88442,88442,88442,0,81043,0,0.8985444368231603
236,49328,54028,0.08699193011031314,6896,6208,0.11082474226804129,1951,1371,0.42304886943836606,11313,10997,0.028735109575338758,3434,3410,0.007038123167155463,2088,6327,0.6699857752489331,6188,6181,0.0011325028312569874,0.11922459953457898,88522,88522,88522,0,81198,0,0.899483372286143
237,49469,54028,0.08438217220700373,6909,6241,0.10703412914597021,1950,1372,0.42128279883381925,11313,11020,0.026588021778584325,3433,3422,0.003214494447691507,2100,6327,0.6680891417733523,6191,6189,0.0003231539828727481,0.11668303253987065,88599,88599,88599,0,81365,0,0.9005865425288541
238,49607,54028,0.08182794106759461,6910,6275,0.10119521912350593,1948,1374,0.4177583697234353,11307,11043,0.023906547133931033,3429,3434,0.0014560279557367384,2117,6327,0.6654022443496128,6193,6198,0.0008067118425298947,0.114051804824141,88679,88679,88679,0,81511,0,0.9014204837843677
239,49746,54028,0.07925520100688532,6908,6275,0.10087649402390442,1946,1385,0.4050541516245487,11303,11043,0.023544326722810816,3428,3434,0.0017472335468841083,2132,6330,0.6631911532385466,6191,6198,0.0011293965795418082,0.11215090255149786,88693,88693,88693,0,81654,0,0.9028904996055376
240,49863,54028,0.07708965721477756,6902,6275,0.09992031872509965,1945,1396,0.3932664756446991,11307,11043,0.023906547133931033,3427,3434,0.002038439138031478,2148,6333,0.6608242539081004,6187,6198,0.001774766053565635,0.11056624618124838,88707,88707,88707,0,81779,0,0.9041571362069954
241,49986,54028,0.0748130598948693,6899,6275,0.09944223107569727,1943,1407,0.38095238095238093,11296,11043,0.02291044100335049,3426,3434,0.002329644729178848,2167,6336,0.6579861111111112,6188,6198,0.0016134236850596784,0.10867776512888719,88721,88721,88721,0,81905,0,0.9054346443515509
242,50091,54028,0.07286962315836232,6897,6275,0.09912350597609554,1940,1418,0.3681241184767279,11297,11043,0.0230009961061306,3429,3434,0.0014560279557367384,2183,6339,0.6556239154440764,6188,6198,0.0016134236850596784,0.10712796528990816,88735,88735,88735,0,82025,0,0.9066441323211129
243,50254,54028,0.06985266898645148,6894,6275,0.09864541832669316,1938,1429,0.35619314205738273,11287,11043,0.022095445078330167,3427,3434,0.002038439138031478,2202,6342,0.6527909176915799,6188,6198,0.0016134236850596784,0.10482371632356421,88749,88749,88749,0,82190,0,0.9083602866681759
244,50386,54028,0.06740949137484264,6901,6275,0.09976095617529879,1935,1440,0.34375,11282,11043,0.02164266956443006,3426,3434,0.002329644729178848,2220,6345,0.6501182033096926,6190,6198,0.001290738948047765,0.10300463030767325,88763,88763,88763,0,82340,0,0.909906910328785
245,50509,54028,0.0651328940549345,6909,6275,0.10103585657370528,1932,1451,0.3314955203308063,11282,11043,0.02164266956443006,3423,3434,0.0032032615026208466,2232,6348,0.6483931947069943,6190,6198,0.001290738948047765,0.10146772249569146,88777,88777,88777,0,82477,0,0.9113066118647166
246,50644,54028,0.06263418967942547,6900,6276,0.0994263862332696,1930,1461,0.32101300479123895,11285,11043,0.02191433487277017,3418,3434,0.004659289458357585,2250,6351,0.6457250826641474,6192,6198,0.0009680542110358514,0.09958216485905103,88791,88791,88791,0,82619,0,0.9127621840221863
247,50771,54028,0.06028355667431706,6896,6278,0.09843899330997141,1928,1471,0.3106730115567642,11279,11043,0.021371004256089732,3418,3434,0.004659289458357585,2267,6354,0.6432168712621971,6189,6198,0.0014520813165537216,0.09774114361642232,88806,88806,88806,0,82748,0,0.9140606161916306
248,50893,54028,0.05802546827570887,6893,6279,0.0977862716993152,1926,1482,0.2995951417004048,11270,11043,0.02055600833106941,3418,3434,0.004659289458357585,2291,6357,0.6396098788736826,6187,6198,0.001774766053565635,0.09584445119960369,88821,88821,88821,0,82878,0,0.9153698684040255
249,51030,54028,0.05548974605759971,6896,6281,0.09791434484954631,1925,1492,0.2902144772117963,11263,11043,0.019922122611609083,3416,3434,0.005241700640652325,2310,6360,0.6367924528301887,6184,6198,0.0022587931590836163,0.09397091269305237,88836,88836,88836,0,83024,0,0.9168587856444904
250,51147,54028,0.05332420226549195,6906,6283,0.09915645392328498,1927,1502,0.28295605858854866,11262,11043,0.019831567508829195,3413,3434,0.006115317414094323,2325,6363,0.6346063177746346,6187,6198,0.001774766053565635,0.09249192468289609,88851,88851,88851,0,83167,0,0.9183134357690285
251,51274,54028,0.050973569260383544,6904,6284,0.09866327180140044,1935,1513,0.278916060806345,11254,11043,0.01910712668658876,3409,3434,0.007280139778683803,2335,6366,0.6332076657241597,6188,6198,0.0016134236850596784,0.09084464249544258,88866,88866,88866,0,83299,0,0.9196438129488662
252,51389,54028,0.0488450433108758,6897,6286,0.0972001272669425,1933,1523,0.2692055154300723,11252,11043,0.018926016481028762,3408,3434,0.007571345369831062,2347,6369,0.631496310252787,6188,6198,0.0016134236850596784,0.08918666531654684,88881,88881,88881,0,83414,0,0.9207824741116093
253,51488,54028,0.0470126601021692,6894,6287,0.09654843327501195,1931,1533,0.25962165688193095,11246,11043,0.018382685864348547,3409,3434,0.007280139778683803,2367,6372,0.6285310734463276,6182,6198,0.00258147789609553,0.08767647224253333,88895,88895,88895,0,83517,0,0.9217961311830131
254,51607,54028,0.04481009846746131,6896,6289,0.09651772936873915,1927,1544,0.24805699481865284,11247,11043,0.018473240967128435,3411,3434,0.006697728596389063,2377,6375,0.6271372549019607,6183,6198,0.002420135527589573,0.08605234447931077,88911,88911,88911,0,83648,0,0.9231036326384131
255,51715,54028,0.04281113496705413,6895,6291,0.09601017326339223,1926,1554,0.23938223938223935,11240,11043,0.01783935524766811,3415,3434,0.005532906231799695,2392,6378,0.6249608027594857,6180,6198,0.0029041626331074433,0.08444099588421834,88926,88926,88926,0,83763,0,0.9242411339935895
256,51818,54028,0.040904716073147274,6906,6292,0.0975842339478703,1926,1564,0.23145780051150888,11240,11043,0.01783935524766811,3418,3434,0.004659289458357585,2399,6381,0.6240401191035887,6179,6198,0.0030655050016134,0.08320215875871374,88940,88940,88940,0,83886,0,0.925478604469462
257,51916,54028,0.03909084178574074,6902,6294,0.09659993644741016,1925,1575,0.22222222222222232,11238,11043,0.01765824504210811,3417,3434,0.004950495049504955,2416,6384,0.6215538847117794,6179,6198,0.0030655050016134,0.08171455551058951,88956,88956,88956,0,83993,0,0.9265149858527131
258,51999,54028,0.03755460131783517,6894,6295,0.09515488482922962,1926,1585,0.21514195583596218,11241,11043,0.01792991035044822,3419,3434,0.004368083867210215,2429,6387,0.6196962580241114,6183,6198,0.002420135527589573,0.08042036641564572,88970,88970,88970,0,84091,0,0.927470687664538
259,52103,54028,0.035629673502628245,6897,6297,0.09528346831824686,1934,1595,0.21253918495297808,11234,11043,0.017296024630987894,3419,3434,0.004368083867210215,2447,6390,0.6170579029733959,6182,6198,0.00258147789609553,0.07899084115300331,88985,88985,88985,0,84216,0,0.9287190771648474
260,52181,54028,0.03418597764122311,6904,6299,0.09604699158596608,1934,1606,0.20423412204234115,11231,11043,0.017024359322647786,3419,3434,0.004368083867210215,2465,6393,0.6144220240888472,6180,6198,0.0029041626331074433,0.0778530578308109,89001,89001,89001,0,84314,0,0.9296532295312856
261,52269,54028,0.03255719256681722,6898,6300,0.09492063492063485,1929,1616,0.19368811881188108,11232,11043,0.017114914425427896,3415,3434,0.005532906231799695,2480,6396,0.6122576610381488,6179,6198,0.0030655050016134,0.07653766219176543,89015,89015,89015,0,84402,0,0.9304956140146486
262,52353,54028,0.031002443177611583,6888,6302,0.09298635353855911,1926,1626,0.18450184501845013,11232,11043,0.017114914425427896,3418,3434,0.004659289458357585,2495,6399,0.6100953273949055,6179,6198,0.0030655050016134,0.07513197798494889,89030,89030,89030,0,84491,0,0.9313385047906767
263,52439,54028,0.02941067594580593,6891,6304,0.09311548223350252,1925,1637,0.17593158216249227,11229,11043,0.01684324911708779,3419,3434,0.004368083867210215,2506,6402,0.6085598250546704,6176,6198,0.0035495321071313812,0.07392808211486199,89046,89046,89046,0,84585,0,0.9322267938089746
264,52511,54028,0.02807803361220107,6899,6323,0.0910959987347777,1930,1661,0.1619506321493076,11219,11043,0.015937698089287355,3418,3434,0.004659289458357585,2524,6405,0.6059328649492584,6171,6198,0.004356243949661165,0.07253176491716427,89092,89092,89092,0,84672,0,0.9327219849314635
265,52602,54028,0.026393721773894985,6903,6343,0.08828629985811132,1936,1685,0.14896142433234427,11216,11043,0.015666032780947248,3415,3434,0.005532906231799695,2535,6408,0.6044007490636705,6176,6198,0.0035495321071313812,0.07094537744421633,89139,89139,89139,0,84783,0,0.9334754381529291
266,52678,54028,0.024987043755089977,6899,6362,0.084407419050613,1935,1709,0.13224107665301355,11217,11043,0.015756587883727358,3415,3434,0.005532906231799695,2545,6411,0.6030260489783186,6178,6198,0.0032268473701193567,0.06942871559118687,89185,89185,89185,0,84867,0,0.9339358309302455
267,52756,54028,0.02354334789368473,6892,6382,0.07991225321215922,1933,1733,0.11540680900173106,11209,11043,0.015032147061486922,3415,3435,0.005822416302765698,2561,6414,0.6007171811661989,6180,6198,0.0029041626331074433,0.06767675635695314,89233,89233,89233,0,84946,0,0.9343187731166043
268,52833,54028,0.022118160953579658,6892,6401,0.07670676456803616,1932,1757,0.09960159362549792,11198,11043,0.01403604093090638,3417,3435,0.005240174672489051,2579,6417,0.5980988000623344,6176,6198,0.0035495321071313812,0.0660177645358931,89279,89279,89279,0,85027,0,0.9347446441101933
269,52899,54028,0.020896572147775183,6896,6421,0.07397601619685412,1932,1781,0.08478382930937678,11202,11043,0.014398261342026597,3415,3435,0.005822416302765698,2589,6420,0.5967289719626168,6176,6198,0.0035495321071313812,0.06478516893177798,89326,89326,89326,0,85109,0,0.9351708022469823
270,52973,54028,0.019526911971570304,6902,6440,0.07173913043478253,1930,1806,0.06866002214839417,11197,11043,0.013945485828126492,3415,3435,0.005822416302765698,2600,6423,0.5952047329908143,6173,6198,0.0040335592126492514,0.06336365569019727,89373,89373,89373,0,85190,0,0.9355853231010925
271,53041,54028,0.018268305323165812,6898,6460,0.06780185758513935,1928,1806,0.06755260243632333,11191,11043,0.013402155211446054,3419,3435,0.004657933042212514,2614,6426,0.5932150638032991,6173,6198,0.0040335592126492514,0.06206094232404134,89396,89396,89396,0,85264,0,0.9361723911753763
272,53112,54028,0.016954171910861016,6890,6479,0.06343571538817727,1928,1806,0.06755260243632333,11186,11043,0.012949379697545949,3419,3435,0.004657933042212514,2624,6429,0.5918494322600716,6171,6198,0.004356243949661165,0.06083786262273815,89418,89418,89418,0,85330,0,0.9366801659790417
273,53355,54028,0.012456504034944804,6892,6499,0.060470841667948916,1925,1806,0.06589147286821695,11191,11043,0.013402155211446054,3417,3435,0.005240174672489051,2635,6432,0.5903296019900497,6171,6198,0.004356243949661165,0.05785937098198812,89441,89441,89441,0,85586,0,0.9393015181126546
274,53389,54028,0.011827200710742614,6895,6518,0.05783982816814981,1922,1806,0.06423034330011079,11190,11043,0.013311600108666166,3417,3435,0.005240174672489051,2651,6435,0.588034188034188,6164,6198,0.005485640529202973,0.05717447436370343,89463,89463,89463,0,85628,0,0.9395400006875909
275,53423,54028,0.011197897386540312,6907,6538,0.05643927806668714,1931,1806,0.0692137320044297,11187,11043,0.013039934800326058,3417,3435,0.005240174672489051,2661,6438,0.5866728797763281,6168,6198,0.004840271055179035,0.05663455736092796,89486,89486,89486,0,85694,0,0.9400360624177407
276,53451,54028,0.010679647590138397,6910,6557,0.053835595546744,1937,1806,0.07253599114064224,11179,11043,0.012315493978085623,3419,3435,0.004657933042212514,2674,6441,0.5848470734358019,6169,6198,0.004678928686673078,0.05596147830361532,89508,89508,89508,0,85739,0,0.9403077611108945
277,53484,54028,0.01006885318723627,6905,6577,0.049870761745476555,1935,1806,0.0714285714285714,11178,11043,0.012224938875305513,3416,3435,0.005531295487627319,2685,6444,0.5833333333333333,6175,6198,0.003710874475637338,0.055142911393818904,89531,89531,89531,0,85778,0,0.9405018047549334
278,53518,54028,0.00943954986303397,6899,6596,0.045936931473620435,1935,1806,0.0714285714285714,11175,11043,0.011953273566965406,3413,3435,0.006404657933042235,2700,6447,0.5812005583992554,6175,6198,0.003710874475637338,0.054336538139425815,89553,89553,89553,0,85815,0,0.940683919930253
279,53548,54028,0.008884282224032036,6899,6616,0.04277509068923813,1934,1806,0.07087486157253609,11167,11043,0.011228832744725192,3413,3435,0.006404657933042235,2716,6450,0.5789147286821705,6182,6198,0.00258147789609553,0.05344065374653925,89576,89576,89576,0,85859,0,0.940933588031548
280,53573,54028,0.008421559191530315,6897,6635,0.03948756593820657,1931,1806,0.0692137320044297,11159,11043,0.010504391922484757,3411,3435,0.006986899563318771,2733,6453,0.5764760576476058,6178,6198,0.0032268473701193567,0.05270206924261702,89598,89598,89598,0,85882,0,0.9409592522323483
281,53600,54028,0.007921818316428464,6896,6655,0.036213373403455984,1928,1806,0.06755260243632333,11158,11043,0.01041383681970487,3411,3435,0.006986899563318771,2745,6456,0.574814126394052,6171,6198,0.004356243949661165,0.052086006627910866,89621,89621,89621,0,85909,0,0.9410190366266159
282,53632,54028,0.007329532834826402,6897,6674,0.03341324543002688,1926,1806,0.06644518272425248,11156,11043,0.01023272661414465,3412,3435,0.006695778748180503,2747,6459,0.5747019662486452,6172,6198,0.004194901581155208,0.05145967894871881,89643,89643,89643,0,85942,0,0.9411562205806805
283,53655,54028,0.006903827644924809,6900,6694,0.030773827308037127,1925,1806,0.06589147286821695,11148,11043,0.009508285791904436,3411,3435,0.006986899563318771,2768,6462,0.5716496440730424,6169,6198,0.004678928686673078,0.05074387170164834,89666,89666,89666,0,85976,0,0.9412939919424748
284,53689,54028,0.006274524320722619,6900,6713,0.02785639803366613,1925,1806,0.06589147286821695,11145,11043,0.009236620483564328,3407,3435,0.008151382823871955,2789,6465,0.568600154679041,6167,6198,0.005001613423685103,0.04997324056729997,89688,89688,89688,0,86022,0,0.9415759865479657
285,53718,54028,0.005737765603020639,6899,6733,0.024654685875538318,1932,1806,0.06976744186046502,11146,11043,0.009327175586344216,3406,3435,0.008442503639010224,2802,6468,0.5667903525046383,6162,6198,0.0058083252662148865,0.04944767085418734,89711,89711,89711,0,86065,0,0.9418139033286212
286,53743,54028,0.0052750425705190285,6890,6752,0.02043838862559233,1930,1806,0.06866002214839417,11147,11043,0.009417730689124326,3410,3435,0.00727802037845704,2809,6471,0.5659094421264101,6158,6198,0.0064536947402388245,0.048789185695340624,89733,89733,89733,0,86087,0,0.9418281689179449
287,53763,54028,0.004904864144517629,6892,6772,0.01772002362669811,1925,1806,0.06589147286821695,11145,11043,0.009236620483564328,3407,3435,0.008151382823871955,2824,6474,0.5637936360827926,6160,6198,0.0061310100032268,0.048152769731271444,89756,89756,89756,0,86116,0,0.9419099233646101
288,53785,54028,0.004497667875916211,6894,6791,0.015167132970107522,1925,1806,0.06589147286821695,11148,11043,0.009508285791904436,3403,3435,0.009315866084425029,2834,6477,0.5624517523544851,6164,6198,0.005485640529202973,0.04766201073759718,89778,89778,89778,0,86153,0,0.9420912370682567
289,53805,54028,0.004127489449914812,6893,6811,0.01203934811334606,1927,1806,0.06699889258028802,11143,11043,0.009055510278004109,3400,3435,0.010189228529839833,2847,6480,0.5606481481481482,6167,6198,0.005001613423685103,0.047048473847729984,89801,89801,89801,0,86182,0,0.9421728831696078
290,53832,54028,0.0036277485748130722,6894,6830,0.00937042459736448,1933,1806,0.07032115171650055,11135,11043,0.008331069455763895,3401,3435,0.009898107714701565,2859,6483,0.5590004627487275,6165,6198,0.005324298160697016,0.0464246351157276,89823,89823,89823,0,86219,0,0.9423540416320313
291,53861,54028,0.0030909898571110928,6898,6850,0.007007299270072931,1932,1806,0.06976744186046502,11137,11043,0.008512179661323893,3398,3435,0.01077147016011648,2866,6486,0.5581251927227875,6165,6198,0.005324298160697016,0.04591189368474946,89846,89846,89846,0,86257,0,0.9425357509684787
292,53879,54028,0.002757829273709933,6900,6853,0.006858310229096665,1931,1814,0.06449834619625139,11130,11043,0.007878293941863568,3398,3435,0.01077147016011648,2882,6489,0.5558637694560025,6167,6198,0.005001613423685103,0.04534831960827954,89860,89860,89860,0,86287,0,0.9427227585300907
293,53898,54028,0.002406159769008709,6892,6857,0.0051042730056876096,1931,1823,0.05924300603400989,11121,11043,0.007063298016843245,3401,3435,0.009898107714701565,2901,6492,0.5531423290203328,6168,6198,0.004840271055179035,0.04457252214161734,89876,89876,89876,0,86312,0,0.9428330931674078
294,53933,54028,0.0017583475235063428,6895,6861,0.004955545838799091,1928,1831,0.05297651556526484,11114,11043,0.006429412297382919,3400,3435,0.010189228529839833,2916,6495,0.5510392609699769,6172,6198,0.004194901581155208,0.04379748806888342,89891,89891,89891,0,86358,0,0.9431874946492301
295,53946,54028,0.0015177315466055052,6898,6865,0.004806991988346665,1923,1840,0.04510869565217401,11112,11043,0.0062483020918229215,3399,3435,0.010480349344978213,2928,6498,0.5493998153277931,6171,6198,0.004356243949661165,0.04337815742934366,89907,89907,89907,0,86377,0,0.943230972911052
296,53961,54028,0.0012400977271044278,6894,6869,0.003639539962148719,1933,1848,0.045995670995671034,11107,11043,0.005795526577922594,3400,3435,0.010189228529839833,2939,6501,0.5479157052761114,6169,6198,0.004678928686673078,0.043003936745179154,89922,89922,89922,0,86403,0,0.9433627708626804
297,53973,54028,0.0010179906715036546,6893,6873,0.0029099374363450448,1936,1857,0.042541733979536867,11103,11051,0.0047054565197719445,3397,3435,0.011062590975254749,2952,6504,0.5461254612546125,6175,6197,0.003550104889462613,0.04244816276613486,89945,89945,89945,0,86429,0,0.9434106073880032
298,53975,54028,0.0009809728289035258,6897,6877,0.0029082448742183686,1934,1866,0.03644158628081451,11100,11059,0.003707387648069549,3399,3435,0.010480349344978213,2960,6507,0.5451052712463501,6182,6197,0.0024205260609972967,0.04201447165134657,89969,89969,89969,0,86447,0,0.9433590134547893
299,53994,54028,0.0006293033242023016,6897,6881,0.0023252434239209308,1934,1874,0.03201707577374591,11092,11067,0.002258968103370451,3398,3435,0.01077147016011648,2979,6510,0.5423963133640552,6177,6196,0.00306649451258878,0.041359691524708024,89991,89991,89991,0,86471,0,0.9433950848586408