Burkina Faso,Côte D'Ivoire,Guinea,Mauritania,Niger,Senegal,Mali,Other,Dead,Date
0,0,0,0,0,0,3321600,0,0,2012-01-01 00:00:00
0,0,0,0,0,0,3322000,0,0,2012-01-02 00:00:00
0,0,0,0,0,0,3322400,0,0,2012-01-03 00:00:00
0,0,0,0,0,0,3322800,0,0,2012-01-04 00:00:00
0,0,0,0,0,0,3323200,0,0,2012-01-05 00:00:00
0,0,0,0,0,0,3323600,0,0,2012-01-06 00:00:00
0,0,0,0,0,0,3324000,0,0,2012-01-07 00:00:00
0,0,0,0,0,0,3324400,0,0,2012-01-08 00:00:00
0,0,0,0,0,0,3324800,0,0,2012-01-09 00:00:00
0,0,0,0,0,0,3325200,0,0,2012-01-10 00:00:00
0,0,0,0,0,0,3325600,0,0,2012-01-11 00:00:00
0,0,0,0,0,0,3326000,0,0,2012-01-12 00:00:00
0,0,0,0,0,0,3326400,0,0,2012-01-13 00:00:00
0,0,0,0,0,0,3326800,0,0,2012-01-14 00:00:00
0,0,0,0,0,0,3327200,0,0,2012-01-15 00:00:00
0,0,0,0,0,0,3327600,0,0,2012-01-16 00:00:00
0,0,0,0,0,0,3328000,0,0,2012-01-17 00:00:00
0,0,0,0,0,0,3328400,0,0,2012-01-18 00:00:00
0,0,0,0,0,0,3328800,0,0,2012-01-19 00:00:00
0,0,0,0,2100,0,3327100,0,0,2012-01-20 00:00:00
0,0,0,0,2100,0,3327500,0,0,2012-01-21 00:00:00
2100,0,0,0,0,0,3327900,0,0,2012-01-22 00:00:00
2100,0,0,0,0,0,3328300,0,0,2012-01-23 00:00:00
2100,0,0,0,0,0,3328700,0,0,2012-01-24 00:00:00
2100,0,0,0,0,0,3329100,0,0,2012-01-25 00:00:00
1100,0,0,0,1300,0,3328200,0,0,2012-01-26 00:00:00
0,0,0,0,1300,0,3328600,0,0,2012-01-27 00:00:00
1300,0,0,0,0,0,3329000,0,0,2012-01-28 00:00:00
1300,0,0,0,0,0,3329400,0,0,2012-01-29 00:00:00
1300,0,0,0,0,0,3329800,0,0,2012-01-30 00:00:00
1300,0,0,0,0,0,3331300,0,0,2012-01-31 00:00:00
1300,0,0,0,0,0,3331700,0,0,2012-02-01 00:00:00
1300,0,0,0,0,0,3333100,0,0,2012-02-02 00:00:00
1300,0,0,0,0,0,3333500,0,0,2012-02-03 00:00:00
1300,0,0,0,0,0,3333900,0,0,2012-02-04 00:00:00
1300,0,0,0,0,0,3334300,0,0,2012-02-05 00:00:00
0,0,0,0,0,0,3334700,0,0,2012-02-06 00:00:00
0,0,0,0,0,0,3335100,0,0,2012-02-07 00:00:00
0,0,0,0,0,0,3335500,0,0,2012-02-08 00:00:00
0,0,0,1000,0,0,3334900,0,0,2012-02-09 00:00:00
0,0,0,2500,0,0,3333800,0,0,2012-02-10 00:00:00
0,0,0,3300,0,0,3333400,0,0,2012-02-11 00:00:00
0,0,0,6100,0,0,3331000,0,0,2012-02-12 00:00:00
0,0,0,6100,0,0,3328800,0,0,2012-02-13 00:00:00
0,0,0,8100,0,0,3324800,0,0,2012-02-14 00:00:00
0,0,0,10000,0,0,3323600,0,0,2012-02-15 00:00:00
0,0,0,10000,0,0,3325900,0,0,2012-02-16 00:00:00
2900,0,0,11000,0,0,3324100,0,0,2012-02-17 00:00:00
4200,0,0,12400,0,0,3322900,0,0,2012-02-18 00:00:00
4200,0,0,12400,0,0,3322700,0,0,2012-02-19 00:00:00
4100,0,0,13700,0,0,3320600,0,0,2012-02-20 00:00:00
2000,0,0,13700,0,0,3321000,0,0,2012-02-21 00:00:00
2000,0,0,13700,0,0,3322500,0,0,2012-02-22 00:00:00
2000,0,0,13700,0,0,3323900,0,0,2012-02-23 00:00:00
1200,0,0,13700,0,0,3322200,0,0,2012-02-24 00:00:00
3400,0,0,13700,0,0,3322300,0,0,2012-02-25 00:00:00
2800,0,0,13700,0,0,3320000,0,0,2012-02-26 00:00:00
1800,0,0,13700,0,0,3321600,0,0,2012-02-27 00:00:00
4300,0,0,13700,0,0,3321600,0,0,2012-02-28 00:00:00
4300,0,0,13700,0,0,3321400,0,0,2012-02-29 00:00:00
4900,0,0,13700,0,0,3321600,0,0,2012-03-01 00:00:00
7000,0,0,13700,0,0,3320700,0,0,2012-03-02 00:00:00
5700,0,0,13700,0,0,3320900,0,0,2012-03-03 00:00:00
5700,0,0,13700,0,0,3321900,0,0,2012-03-04 00:00:00
5700,0,0,13700,0,0,3323800,0,0,2012-03-05 00:00:00
6300,0,0,13700,0,0,3321500,0,0,2012-03-06 00:00:00
6300,0,0,13700,0,0,3322500,0,0,2012-03-07 00:00:00
6300,0,0,13700,0,0,3325000,0,0,2012-03-08 00:00:00
5700,0,0,13700,0,0,3323300,0,0,2012-03-09 00:00:00
5700,0,0,13700,0,0,3323700,0,0,2012-03-10 00:00:00
4000,0,0,13700,0,0,3326200,0,0,2012-03-11 00:00:00
4000,0,0,13700,0,0,3326600,0,0,2012-03-12 00:00:00
4900,0,0,13700,0,0,3326700,0,0,2012-03-13 00:00:00
3700,0,0,13700,0,0,3325000,0,0,2012-03-14 00:00:00
3700,0,0,13700,0,0,3325800,0,0,2012-03-15 00:00:00
3700,0,0,13700,0,0,3326200,0,0,2012-03-16 00:00:00
2800,0,0,13700,0,0,3327700,0,0,2012-03-17 00:00:00
800,0,0,13700,0,0,3329900,0,0,2012-03-18 00:00:00
4000,0,0,56700,0,0,3282000,0,0,2012-03-19 00:00:00
4000,0,0,43200,0,0,3285400,0,0,2012-03-20 00:00:00
6800,0,0,44300,0,0,3284900,0,0,2012-03-21 00:00:00
6800,0,0,44100,0,0,3287900,0,0,2012-03-22 00:00:00
6800,0,0,43200,0,0,3288900,0,0,2012-03-23 00:00:00
6300,0,0,43200,0,0,3289600,0,0,2012-03-24 00:00:00
6300,0,0,43200,0,0,3292200,0,0,2012-03-25 00:00:00
6300,0,0,43200,0,0,3290500,0,0,2012-03-26 00:00:00
4800,0,0,43200,0,0,3290200,0,0,2012-03-27 00:00:00
6000,0,0,43200,0,0,3290300,0,0,2012-03-28 00:00:00
7600,0,0,43200,0,0,3289500,0,0,2012-03-29 00:00:00
8200,0,0,43200,0,0,3290400,0,0,2012-03-30 00:00:00
10700,0,0,43200,0,0,3287300,0,0,2012-03-31 00:00:00
13000,0,0,43200,0,0,3284000,0,0,2012-04-01 00:00:00
15800,0,0,43600,0,0,3281300,0,0,2012-04-02 00:00:00
15100,0,0,44300,0,0,3281101,0,0,2012-04-03 00:00:00
13300,0,0,43900,0,0,3281201,0,0,2012-04-04 00:00:00
16200,0,0,43900,0,0,3277901,0,0,2012-04-05 00:00:00
19200,0,0,44800,2700,0,3276301,0,0,2012-04-06 00:00:00
24600,0,0,44900,7500,0,3262101,0,0,2012-04-07 00:00:00
29000,0,400,44900,7900,0,3258501,0,0,2012-04-08 00:00:00
30900,0,400,44900,6200,0,3263201,0,0,2012-04-09 00:00:00
34200,0,400,44900,3900,0,3261201,0,0,2012-04-10 00:00:00
35800,0,400,44900,5500,0,3257001,0,0,2012-04-11 00:00:00
35000,0,0,44900,6400,0,3256401,0,0,2012-04-12 00:00:00
38800,0,0,44900,6400,0,3254101,0,0,2012-04-13 00:00:00
37200,0,0,44900,7200,0,3254201,0,0,2012-04-14 00:00:00
37800,0,0,44900,7200,0,3253601,0,100,2012-04-15 00:00:00
38000,0,0,44900,9500,0,3255201,0,100,2012-04-16 00:00:00
35400,0,0,44900,9000,0,3253601,0,100,2012-04-17 00:00:00
36300,0,0,44900,9000,0,3251501,0,100,2012-04-18 00:00:00
37000,0,0,44900,8300,0,3253101,0,100,2012-04-19 00:00:00
33900,0,0,44900,9700,0,3259001,0,100,2012-04-20 00:00:00
33900,0,0,44900,9700,0,3257601,0,100,2012-04-21 00:00:00
36200,0,0,44900,8300,0,3254101,0,100,2012-04-22 00:00:00
36200,0,0,44900,8300,0,3258701,0,100,2012-04-23 00:00:00
33000,0,0,44900,9100,0,3261701,0,100,2012-04-24 00:00:00
33400,0,0,44900,9100,0,3258501,0,100,2012-04-25 00:00:00
30500,0,0,44900,9100,0,3261801,0,100,2012-04-26 00:00:00
31800,0,0,44900,9100,0,3263601,0,100,2012-04-27 00:00:00
31000,0,0,44900,9100,0,3261901,0,100,2012-04-28 00:00:00
30000,0,0,44900,9100,0,3263601,0,100,2012-04-29 00:00:00
28900,0,0,44900,9100,0,3263801,0,200,2012-04-30 00:00:00
30600,0,0,44900,9100,0,3265701,0,200,2012-05-01 00:00:00
31800,0,0,44900,9100,0,3264501,0,200,2012-05-02 00:00:00
32000,0,0,44900,9100,0,3262902,0,200,2012-05-03 00:00:00
32000,0,1100,44900,9100,0,3262302,0,200,2012-05-04 00:00:00
34000,0,1100,44900,9100,0,3250702,0,200,2012-05-05 00:00:00
42200,0,0,44900,9100,0,3236102,0,200,2012-05-06 00:00:00
65400,0,0,44900,9100,0,3205502,0,200,2012-05-07 00:00:00
131800,0,0,44900,9100,0,3136402,0,200,2012-05-08 00:00:00
205400,0,0,44900,9100,0,3059502,0,200,2012-05-09 00:00:00
311600,0,0,44900,9100,0,2955502,0,200,2012-05-10 00:00:00
382700,0,800,44900,9200,0,2878502,0,200,2012-05-11 00:00:00
477100,0,800,44900,9900,0,2782802,0,200,2012-05-12 00:00:00
534400,0,800,45600,9800,0,2720002,0,200,2012-05-13 00:00:00
580600,0,800,44900,9100,0,2672102,0,200,2012-05-14 00:00:00
602600,0,800,44900,10600,0,2650402,0,200,2012-05-15 00:00:00
622800,0,800,44900,13200,0,2626502,0,200,2012-05-16 00:00:00
629600,0,800,44900,15400,0,2617802,0,200,2012-05-17 00:00:00
633400,0,800,44900,17600,0,2610102,0,200,2012-05-18 00:00:00
644600,0,800,44900,16800,0,2603602,0,200,2012-05-19 00:00:00
659100,0,800,44900,16800,0,2587102,0,200,2012-05-20 00:00:00
660000,0,0,44900,19600,0,2584202,0,200,2012-05-21 00:00:00
661800,0,0,44900,21400,0,2579702,0,200,2012-05-22 00:00:00
668800,0,0,44900,21900,0,2576502,0,200,2012-05-23 00:00:00
668800,0,0,44900,25600,0,2577502,0,200,2012-05-24 00:00:00
671400,0,0,44900,26300,0,2566502,0,200,2012-05-25 00:00:00
669900,0,0,44900,31000,0,2567902,0,200,2012-05-26 00:00:00
663500,0,0,44900,33300,0,2566602,0,200,2012-05-27 00:00:00
665700,0,0,44900,33900,0,2566202,0,200,2012-05-28 00:00:00
665400,0,0,44900,33300,0,2569202,0,200,2012-05-29 00:00:00
666300,0,0,44900,32900,0,2561802,0,200,2012-05-30 00:00:00
656800,0,0,44900,33900,0,2572302,0,200,2012-05-31 00:00:00
659800,0,0,44900,41500,0,2568302,0,200,2012-06-01 00:00:00
657200,0,0,44900,41000,0,2571002,0,200,2012-06-02 00:00:00
663000,0,0,44900,39300,0,2566002,0,200,2012-06-03 00:00:00
666800,0,0,44900,37500,0,2560202,0,200,2012-06-04 00:00:00
659900,0,0,44900,41400,0,2554602,0,200,2012-06-05 00:00:00
655600,0,0,44900,45900,0,2565602,0,200,2012-06-06 00:00:00
656800,0,0,44900,43300,0,2570102,0,200,2012-06-07 00:00:00
652500,0,0,44900,42600,0,2560702,0,200,2012-06-08 00:00:00
648500,0,0,44900,44300,0,2567002,0,200,2012-06-09 00:00:00
652200,0,0,44900,42300,0,2565302,0,200,2012-06-10 00:00:00
646700,0,0,44900,42800,0,2570902,0,200,2012-06-11 00:00:00
639500,0,0,44900,45300,0,2583002,0,200,2012-06-12 00:00:00
629800,0,0,44900,52700,0,2580402,0,200,2012-06-13 00:00:00
635400,0,0,44900,50200,0,2573502,0,200,2012-06-14 00:00:00
636900,0,0,44900,50200,0,2570502,0,200,2012-06-15 00:00:00
632700,0,0,44900,49600,0,2564902,0,200,2012-06-16 00:00:00
631800,0,0,44900,48100,0,2576602,0,200,2012-06-17 00:00:00
633800,0,0,44900,45800,0,2583902,0,200,2012-06-18 00:00:00
633400,0,0,44900,47900,0,2581702,0,200,2012-06-19 00:00:00
636600,0,0,44900,46400,0,2583002,0,200,2012-06-20 00:00:00
634200,0,0,44900,47400,0,2578602,0,200,2012-06-21 00:00:00
635500,0,0,44900,47000,0,2580702,0,200,2012-06-22 00:00:00
628000,0,0,44900,51700,0,2581303,0,200,2012-06-23 00:00:00
627400,0,0,44900,50600,0,2575903,0,200,2012-06-24 00:00:00
628100,0,0,44900,50700,0,2582703,0,200,2012-06-25 00:00:00
624300,0,0,44900,49100,0,2586603,0,200,2012-06-26 00:00:00
621900,0,0,44900,53200,0,2587803,0,200,2012-06-27 00:00:00
626400,0,0,44900,51700,0,2583503,0,200,2012-06-28 00:00:00
629600,0,0,44900,52900,0,2586603,0,200,2012-06-29 00:00:00
633500,0,0,44900,55400,0,2582403,0,200,2012-06-30 00:00:00
643600,0,0,44900,57900,0,2566303,0,200,2012-07-01 00:00:00
650000,0,0,44900,55000,0,2563303,0,200,2012-07-02 00:00:00
649000,0,0,44900,59700,0,2557403,0,200,2012-07-03 00:00:00
648700,0,0,44900,57700,0,2557003,0,200,2012-07-04 00:00:00
651400,0,0,44900,56200,0,2557103,0,200,2012-07-05 00:00:00
650600,0,0,44900,55000,0,2558103,0,200,2012-07-06 00:00:00
641000,0,0,44900,55400,0,2556603,0,200,2012-07-07 00:00:00
633900,0,0,44900,56200,0,2563403,0,200,2012-07-08 00:00:00
631600,0,0,44900,58300,0,2565803,0,200,2012-07-09 00:00:00
626200,0,0,44900,57000,0,2566303,0,200,2012-07-10 00:00:00
627500,0,0,44900,55500,0,2566203,0,200,2012-07-11 00:00:00
622100,0,0,44900,55500,0,2570003,0,200,2012-07-12 00:00:00
619000,0,0,44900,55400,0,2569303,0,200,2012-07-13 00:00:00
611900,0,0,44900,56100,0,2580603,0,200,2012-07-14 00:00:00
611000,0,0,44900,57700,0,2588303,0,200,2012-07-15 00:00:00
612900,0,0,44900,57000,0,2584003,0,200,2012-07-16 00:00:00
607700,0,0,44900,59000,0,2584003,0,200,2012-07-17 00:00:00
607900,0,0,44900,58400,0,2579503,0,200,2012-07-18 00:00:00
604900,0,0,44900,59400,0,2585603,0,200,2012-07-19 00:00:00
601400,0,0,44900,58900,0,2588303,0,200,2012-07-20 00:00:00
600900,0,0,44900,58900,0,2589503,0,200,2012-07-21 00:00:00
600200,0,0,44900,58900,0,2585403,0,200,2012-07-22 00:00:00
599300,0,0,44900,58900,0,2590403,0,200,2012-07-23 00:00:00
602200,0,0,44900,58900,0,2589903,0,200,2012-07-24 00:00:00
597800,0,0,44900,58900,0,2588703,0,200,2012-07-25 00:00:00
599000,0,0,44900,58900,0,2603203,0,200,2012-07-26 00:00:00
600700,0,0,44900,58900,0,2598503,0,200,2012-07-27 00:00:00
598200,0,0,44900,58900,0,2593303,0,200,2012-07-28 00:00:00
593000,0,0,44900,58900,0,2593203,0,200,2012-07-29 00:00:00
596200,0,0,44900,58900,0,2590303,0,200,2012-07-30 00:00:00
595300,0,0,44900,59900,0,2585703,0,200,2012-07-31 00:00:00
590700,0,0,44900,59900,0,2584203,0,200,2012-08-01 00:00:00
587600,0,0,44900,59500,0,2586703,0,200,2012-08-02 00:00:00
593000,0,0,44900,59500,0,2585303,0,200,2012-08-03 00:00:00
595800,0,0,44900,59800,0,2583003,0,200,2012-08-04 00:00:00
592400,0,0,44900,59900,0,2582303,0,200,2012-08-05 00:00:00
593400,0,0,44900,59900,0,2584303,0,200,2012-08-06 00:00:00
594600,0,0,44900,59900,0,2584203,0,200,2012-08-07 00:00:00
592600,0,0,44900,60800,0,2585803,0,200,2012-08-08 00:00:00
592700,0,0,44900,59900,0,2583803,0,200,2012-08-09 00:00:00
589800,0,0,44900,59900,0,2586903,0,200,2012-08-10 00:00:00
592700,0,0,44900,59900,0,2587103,0,200,2012-08-11 00:00:00
591700,0,0,44900,59900,0,2585403,0,200,2012-08-12 00:00:00
591700,0,0,44900,59900,0,2588203,0,200,2012-08-13 00:00:00
591100,0,0,44900,59900,0,2587803,0,200,2012-08-14 00:00:00
590500,0,0,44900,59900,0,2589103,0,200,2012-08-15 00:00:00
588500,0,0,44900,59900,0,2590503,0,200,2012-08-16 00:00:00
587500,0,0,44900,59900,0,2590103,0,200,2012-08-17 00:00:00
586100,0,0,44900,59900,0,2590603,0,200,2012-08-18 00:00:00
583200,0,0,44900,59900,0,2594703,0,200,2012-08-19 00:00:00
584300,0,0,44900,59900,0,2594203,0,200,2012-08-20 00:00:00
583100,0,0,44900,59900,0,2595503,0,200,2012-08-21 00:00:00
582600,0,0,44900,59900,0,2593703,0,200,2012-08-22 00:00:00
579600,0,0,44900,59900,0,2598803,0,200,2012-08-23 00:00:00
577900,0,0,44900,59900,0,2597103,0,200,2012-08-24 00:00:00
577100,0,0,44900,59900,0,2597703,0,200,2012-08-25 00:00:00
577100,0,0,44900,59900,0,2599403,0,200,2012-08-26 00:00:00
578200,0,0,44900,59900,0,2602803,0,200,2012-08-27 00:00:00
580000,0,0,44900,59900,0,2599203,0,200,2012-08-28 00:00:00
579200,0,0,44900,59900,0,2599103,0,200,2012-08-29 00:00:00
578400,0,0,44900,59900,0,2602103,0,200,2012-08-30 00:00:00
579100,0,0,44900,59900,0,2601003,0,200,2012-08-31 00:00:00
580800,0,0,44900,59900,0,2600303,0,200,2012-09-01 00:00:00
581600,0,0,44900,59900,0,2600703,0,200,2012-09-02 00:00:00
580500,0,0,44900,59900,0,2598803,0,200,2012-09-03 00:00:00
578800,0,0,44900,59900,0,2601103,0,200,2012-09-04 00:00:00
577800,0,0,44900,59900,0,2603303,0,200,2012-09-05 00:00:00
576100,0,0,44900,59900,0,2605303,0,200,2012-09-06 00:00:00
575300,0,0,44900,59900,0,2604603,0,200,2012-09-07 00:00:00
573500,0,0,44900,59900,0,2604703,0,200,2012-09-08 00:00:00
572600,0,0,44900,59900,0,2609203,0,200,2012-09-09 00:00:00
572100,0,0,44900,59900,0,2611303,0,200,2012-09-10 00:00:00
573000,0,0,44900,59900,0,2613403,0,200,2012-09-11 00:00:00
570600,0,0,44900,59900,0,2612303,0,200,2012-09-12 00:00:00
571100,0,0,44900,59900,0,2611103,0,200,2012-09-13 00:00:00
569200,0,0,44900,59900,0,2612103,0,200,2012-09-14 00:00:00
569200,0,0,44900,59900,0,2616203,0,200,2012-09-15 00:00:00
572200,0,0,44900,59900,0,2614303,0,200,2012-09-16 00:00:00
572900,0,0,44900,59900,0,2614303,0,200,2012-09-17 00:00:00
573900,0,0,44900,59900,0,2614403,0,200,2012-09-18 00:00:00
568500,0,0,44900,59900,0,2614603,0,200,2012-09-19 00:00:00
570500,0,0,44900,59900,0,2613903,0,200,2012-09-20 00:00:00
573000,0,0,44900,59900,0,2614703,0,200,2012-09-21 00:00:00
571900,0,0,44900,59900,0,2615203,0,200,2012-09-22 00:00:00
574400,0,0,44900,59900,0,2617703,0,200,2012-09-23 00:00:00
575500,0,0,44900,59900,0,2618103,0,200,2012-09-24 00:00:00
576300,0,0,44900,59900,0,2615703,0,200,2012-09-25 00:00:00
575200,0,0,44900,59900,0,2615003,0,200,2012-09-26 00:00:00
576000,0,0,44900,59900,0,2614803,0,200,2012-09-27 00:00:00
575000,0,0,44900,59900,0,2616203,0,300,2012-09-28 00:00:00
574500,0,0,44900,59900,0,2616603,0,300,2012-09-29 00:00:00
574000,0,0,44900,59900,0,2618103,0,300,2012-09-30 00:00:00
574000,0,0,44900,59900,0,2618503,0,300,2012-10-01 00:00:00
571700,0,0,44900,59900,0,2619303,0,300,2012-10-02 00:00:00
572700,0,0,44900,59900,0,2618503,0,300,2012-10-03 00:00:00
570800,0,0,44900,59900,0,2619503,0,300,2012-10-04 00:00:00
571700,0,0,44900,59900,0,2619503,0,300,2012-10-05 00:00:00
570200,0,0,44900,59900,0,2622303,0,300,2012-10-06 00:00:00
571900,0,0,44900,59900,0,2621003,0,300,2012-10-07 00:00:00
568900,0,0,44900,59900,0,2622103,0,300,2012-10-08 00:00:00
567100,0,0,44900,59900,0,2621903,0,300,2012-10-09 00:00:00
567100,0,0,44900,59900,0,2625903,0,300,2012-10-10 00:00:00
567200,0,0,44900,59900,0,2627503,0,300,2012-10-11 00:00:00
567200,0,0,44900,59900,0,2627903,0,300,2012-10-12 00:00:00
567600,0,0,44900,59900,0,2627603,0,300,2012-10-13 00:00:00
567700,0,0,44900,59900,0,2626503,0,300,2012-10-14 00:00:00
567200,0,0,44900,59900,0,2627703,0,300,2012-10-15 00:00:00
566800,0,0,44900,59900,0,2626303,0,300,2012-10-16 00:00:00
567700,0,0,44900,59900,0,2627703,0,300,2012-10-17 00:00:00
566300,0,0,44900,59900,0,2629603,0,300,2012-10-18 00:00:00
567100,0,0,44900,59900,0,2630403,0,300,2012-10-19 00:00:00
566600,0,0,44900,59900,0,2629303,0,300,2012-10-20 00:00:00
565600,0,0,44900,59900,0,2629703,0,300,2012-10-21 00:00:00
565600,0,0,44900,59900,0,2631203,0,300,2012-10-22 00:00:00
565600,0,0,44900,59900,0,2633003,0,300,2012-10-23 00:00:00
563000,0,0,44900,59900,0,2633003,0,300,2012-10-24 00:00:00
561900,0,0,44900,59900,0,2632503,0,300,2012-10-25 00:00:00
561900,0,0,44900,59900,0,2634503,0,300,2012-10-26 00:00:00
561100,0,0,44900,59900,0,2636003,0,300,2012-10-27 00:00:00
559900,0,0,44900,59900,0,2637303,0,300,2012-10-28 00:00:00
556900,0,0,44900,59900,0,2638803,0,300,2012-10-29 00:00:00
556400,0,0,44900,59900,0,2637603,0,300,2012-10-30 00:00:00
556400,0,0,44900,59900,0,2641203,0,300,2012-10-31 00:00:00
555000,0,0,44900,59900,0,2641603,0,300,2012-11-01 00:00:00
556500,0,0,44900,59900,0,2641203,0,300,2012-11-02 00:00:00
556700,0,0,44900,59900,0,2641903,0,300,2012-11-03 00:00:00
557400,0,0,44900,59900,0,2640003,0,300,2012-11-04 00:00:00
558700,0,0,44900,59900,0,2639503,0,300,2012-11-05 00:00:00
558100,0,0,44900,59900,0,2640803,0,300,2012-11-06 00:00:00
559500,0,0,44900,59900,0,2641903,0,300,2012-11-07 00:00:00
558600,0,0,44900,59900,0,2642303,0,300,2012-11-08 00:00:00
559800,0,0,44900,59900,0,2640703,0,300,2012-11-09 00:00:00
559800,0,0,44900,59900,0,2641703,0,300,2012-11-10 00:00:00
559800,0,0,44900,59900,0,2642803,0,300,2012-11-11 00:00:00
560000,0,0,44900,59900,0,2642303,0,300,2012-11-12 00:00:00
558900,0,0,44900,59900,0,2642703,0,300,2012-11-13 00:00:00
558900,0,0,44900,59900,0,2644103,0,300,2012-11-14 00:00:00
558900,0,0,44900,59900,0,2644503,0,300,2012-11-15 00:00:00
558000,0,0,44900,59900,0,2644903,0,300,2012-11-16 00:00:00
557100,0,0,44900,59900,0,2645303,0,300,2012-11-17 00:00:00
555900,0,0,44900,59900,0,2646603,0,300,2012-11-18 00:00:00
555900,0,0,44900,59900,0,2647003,0,300,2012-11-19 00:00:00
556900,0,0,44900,59900,0,2645503,0,300,2012-11-20 00:00:00
556900,0,0,44900,59900,0,2645903,0,300,2012-11-21 00:00:00
556900,0,0,44900,59900,0,2648403,0,300,2012-11-22 00:00:00
556800,0,0,44900,59900,0,2647903,0,300,2012-11-23 00:00:00
556300,0,0,44900,59900,0,2648303,0,300,2012-11-24 00:00:00
555200,0,0,44900,59900,0,2649703,0,300,2012-11-25 00:00:00
555200,0,0,44900,59900,0,2650103,0,300,2012-11-26 00:00:00
556200,0,0,44900,59900,0,2650603,0,300,2012-11-27 00:00:00
555800,0,0,44900,59900,0,2651503,0,300,2012-11-28 00:00:00
556900,0,0,44900,59900,0,2650803,0,300,2012-11-29 00:00:00
554700,0,0,44900,59900,0,2650703,0,300,2012-11-30 00:00:00
554100,0,0,44900,59900,0,2651103,0,300,2012-12-01 00:00:00
553100,0,0,44900,59900,0,2651503,0,300,2012-12-02 00:00:00
553100,0,0,44900,59900,0,2651903,0,300,2012-12-03 00:00:00
553100,0,0,44900,59900,0,2653903,0,300,2012-12-04 00:00:00
551600,0,0,44900,59900,0,2654303,0,300,2012-12-05 00:00:00
550700,0,0,44900,59900,0,2656203,0,300,2012-12-06 00:00:00
551300,0,0,44900,59900,0,2656703,0,300,2012-12-07 00:00:00
551700,0,0,44900,59900,0,2653903,0,300,2012-12-08 00:00:00
550500,0,0,44900,59900,0,2654303,0,300,2012-12-09 00:00:00
550500,0,0,44900,59900,0,2656703,0,300,2012-12-10 00:00:00
549900,0,0,44900,59900,0,2658303,0,300,2012-12-11 00:00:00
550900,0,0,44900,59900,0,2657703,0,300,2012-12-12 00:00:00
550200,0,0,44900,59900,0,2658703,0,300,2012-12-13 00:00:00
550400,0,0,44900,59900,0,2657903,0,300,2012-12-14 00:00:00
550400,0,0,44900,59900,0,2658303,0,300,2012-12-15 00:00:00
551000,0,0,44900,59900,0,2658103,0,300,2012-12-16 00:00:00
549700,0,0,44900,59900,0,2658503,0,300,2012-12-17 00:00:00
548800,0,0,44900,59900,0,2658903,0,300,2012-12-18 00:00:00
546200,0,0,44900,59900,0,2659303,0,300,2012-12-19 00:00:00
546200,0,0,44900,59900,0,2659703,0,300,2012-12-20 00:00:00
544800,0,0,44900,59900,0,2661403,0,300,2012-12-21 00:00:00
544800,0,0,44900,59900,0,2664203,0,300,2012-12-22 00:00:00
544000,0,0,44900,59900,0,2664603,0,300,2012-12-23 00:00:00
544000,0,0,44900,59900,0,2665003,0,300,2012-12-24 00:00:00
542800,0,0,44900,59900,0,2665403,0,300,2012-12-25 00:00:00
542800,0,0,44900,59900,0,2665803,0,300,2012-12-26 00:00:00
542800,0,0,44900,59900,0,2666203,0,300,2012-12-27 00:00:00
542100,0,0,44900,59900,0,2666603,0,300,2012-12-28 00:00:00
539800,0,0,44900,59900,0,2667003,0,300,2012-12-29 00:00:00
538700,0,0,44900,59900,0,2667403,0,300,2012-12-30 00:00:00
538700,0,0,44900,59900,0,2667803,0,300,2012-12-31 00:00:00
538700,0,0,44900,59900,0,2668203,0,300,2013-01-01 00:00:00
