Dead,IDP,Returnee,Refugee,Resident,Fleeing from conflict,Date
0,0,0,0,3321600,0,2012-01-01 00:00:00
0,0,0,0,3322000,0,2012-01-02 00:00:00
0,0,0,0,3322400,0,2012-01-03 00:00:00
0,0,0,0,3322800,0,2012-01-04 00:00:00
0,0,0,0,3323200,0,2012-01-05 00:00:00
0,0,0,0,3323600,0,2012-01-06 00:00:00
0,0,0,0,3324000,0,2012-01-07 00:00:00
0,0,0,0,3324400,0,2012-01-08 00:00:00
0,0,0,0,3324800,0,2012-01-09 00:00:00
0,0,0,0,3325200,0,2012-01-10 00:00:00
0,0,0,0,3325600,0,2012-01-11 00:00:00
0,0,0,0,3326000,0,2012-01-12 00:00:00
0,0,0,0,3326400,0,2012-01-13 00:00:00
0,0,0,0,3326800,0,2012-01-14 00:00:00
0,0,0,0,3327200,0,2012-01-15 00:00:00
0,7000,0,0,3320600,0,2012-01-16 00:00:00
0,7000,0,0,3321000,0,2012-01-17 00:00:00
0,7000,0,0,3321400,0,2012-01-18 00:00:00
0,17400,0,0,3311400,0,2012-01-19 00:00:00
0,15300,0,2100,3311800,0,2012-01-20 00:00:00
0,15300,0,2100,3312200,0,2012-01-21 00:00:00
0,15300,0,2100,3312600,0,2012-01-22 00:00:00
0,15300,0,2100,3313000,0,2012-01-23 00:00:00
0,15300,0,2100,3313400,0,2012-01-24 00:00:00
0,15300,0,2100,3313800,0,2012-01-25 00:00:00
0,14000,0,3400,3314200,0,2012-01-26 00:00:00
0,14000,0,3400,3314600,0,2012-01-27 00:00:00
0,14000,0,3400,3315000,0,2012-01-28 00:00:00
0,14000,0,3400,3315400,0,2012-01-29 00:00:00
0,14000,0,3400,3315800,0,2012-01-30 00:00:00
0,14000,1100,2300,3316200,0,2012-01-31 00:00:00
0,14000,1100,2300,3316600,0,2012-02-01 00:00:00
0,14000,2100,1300,3317000,0,2012-02-02 00:00:00
0,39000,2100,1300,3292400,0,2012-02-03 00:00:00
0,76000,2100,1300,3255800,0,2012-02-04 00:00:00
0,76000,2100,1300,3256200,0,2012-02-05 00:00:00
0,76000,2100,1300,3256600,0,2012-02-06 00:00:00
0,76000,2100,1300,3257000,0,2012-02-07 00:00:00
0,76000,2100,1300,3257400,0,2012-02-08 00:00:00
0,75000,2100,2300,3257800,0,2012-02-09 00:00:00
0,73600,2100,3800,3258100,0,2012-02-10 00:00:00
0,72800,2100,4600,3258500,0,2012-02-11 00:00:00
0,70000,2100,7400,3258900,0,2012-02-12 00:00:00
0,67400,2100,10000,3259300,0,2012-02-13 00:00:00
0,63000,2100,14400,3259700,0,2012-02-14 00:00:00
0,60500,3000,16000,3260100,0,2012-02-15 00:00:00
0,60500,4900,14100,3260500,0,2012-02-16 00:00:00
0,56600,6600,16300,3260900,0,2012-02-17 00:00:00
0,55200,6400,17900,3261300,0,2012-02-18 00:00:00
0,54700,6400,18500,3261600,0,2012-02-19 00:00:00
0,52200,6400,21000,3262000,0,2012-02-20 00:00:00
0,52200,6400,21000,3262400,0,2012-02-21 00:00:00
0,53800,8500,19900,3260200,0,2012-02-22 00:00:00
0,53800,9500,18900,3260600,0,2012-02-23 00:00:00
0,53900,7400,21000,3260900,0,2012-02-24 00:00:00
0,51800,9100,21300,3261400,0,2012-02-25 00:00:00
0,51900,6400,24000,3261700,0,2012-02-26 00:00:00
0,51900,7600,22800,3262100,0,2012-02-27 00:00:00
0,50300,8800,23200,3262500,0,2012-02-28 00:00:00
0,50300,8200,23800,3262900,0,2012-02-29 00:00:00
0,50300,8000,24000,3263300,0,2012-03-01 00:00:00
0,50300,6700,25300,3263700,0,2012-03-02 00:00:00
0,50300,6500,25500,3264100,0,2012-03-03 00:00:00
0,50300,7100,24900,3264500,0,2012-03-04 00:00:00
0,50300,8600,23400,3264900,0,2012-03-05 00:00:00
0,50400,5900,26100,3265200,0,2012-03-06 00:00:00
0,50400,6500,25500,3265600,0,2012-03-07 00:00:00
0,50400,8600,23400,3266000,0,2012-03-08 00:00:00
0,50400,6500,25500,3266400,0,2012-03-09 00:00:00
0,50400,6500,25500,3266800,0,2012-03-10 00:00:00
0,50400,8600,23400,3267200,0,2012-03-11 00:00:00
0,50400,8600,23400,3267600,0,2012-03-12 00:00:00
0,50400,8300,23700,3268000,0,2012-03-13 00:00:00
0,50400,6200,25800,3268400,0,2012-03-14 00:00:00
0,55300,6600,25400,3263900,0,2012-03-15 00:00:00
0,55400,6600,25400,3264200,0,2012-03-16 00:00:00
0,55500,7700,24300,3264500,0,2012-03-17 00:00:00
0,55400,9500,22500,3265000,0,2012-03-18 00:00:00
0,31500,6500,70800,3244000,0,2012-03-19 00:00:00
0,31500,9500,67800,3244400,0,2012-03-20 00:00:00
0,28800,11400,68700,3244700,0,2012-03-21 00:00:00
0,101900,14000,66100,3172000,0,2012-03-22 00:00:00
0,101900,14600,65500,3172400,0,2012-03-23 00:00:00
0,101900,14900,65200,3172800,0,2012-03-24 00:00:00
0,101900,17100,63000,3173200,0,2012-03-25 00:00:00
0,101900,15000,65100,3173600,0,2012-03-26 00:00:00
0,101900,14300,65800,3174000,0,2012-03-27 00:00:00
0,101900,14000,66100,3174400,0,2012-03-28 00:00:00
0,98000,16700,67300,3174800,0,2012-03-29 00:00:00
0,98800,17400,66800,3174200,0,2012-03-30 00:00:00
0,97800,14900,70300,3174600,0,2012-03-31 00:00:00
0,94900,14100,74000,3175000,0,2012-04-01 00:00:00
0,108000,15700,77100,3157600,0,2012-04-02 00:00:00
0,113500,15900,77600,3151700,1,2012-04-03 00:00:00
0,111800,17300,77900,3152100,1,2012-04-04 00:00:00
0,108900,16500,81600,3152500,1,2012-04-05 00:00:00
0,103200,20200,83600,3152900,1,2012-04-06 00:00:00
0,101000,15300,98200,3145800,1,2012-04-07 00:00:00
0,98200,14100,102200,3146200,1,2012-04-08 00:00:00
0,98200,18400,97900,3146600,1,2012-04-09 00:00:00
0,96500,17700,100300,3147000,1,2012-04-10 00:00:00
0,91300,18300,104900,3147400,1,2012-04-11 00:00:00
0,90800,17800,105900,3147800,1,2012-04-12 00:00:00
0,90000,15900,108600,3148200,1,2012-04-13 00:00:00
0,87700,18000,108900,3148500,1,2012-04-14 00:00:00
100,86700,18000,109800,3148900,1,2012-04-15 00:00:00
100,85300,20600,108600,3149300,1,2012-04-16 00:00:00
100,84300,19600,110600,3149700,1,2012-04-17 00:00:00
100,84300,17100,113100,3150100,1,2012-04-18 00:00:00
100,84400,18300,111900,3150400,1,2012-04-19 00:00:00
100,84400,23800,106400,3150800,1,2012-04-20 00:00:00
100,84400,22000,108200,3151200,1,2012-04-21 00:00:00
100,84400,18100,112100,3151600,1,2012-04-22 00:00:00
100,84400,22300,107900,3152000,1,2012-04-23 00:00:00
100,84400,24900,105300,3152400,1,2012-04-24 00:00:00
100,84400,21300,108900,3152800,1,2012-04-25 00:00:00
100,84400,24200,106000,3153200,1,2012-04-26 00:00:00
100,84400,25600,104600,3153600,1,2012-04-27 00:00:00
100,84400,23500,106700,3154000,1,2012-04-28 00:00:00
100,84400,24800,105400,3154400,1,2012-04-29 00:00:00
200,2046200,24700,105500,1192900,1,2012-04-30 00:00:00
200,2046400,26200,104000,1193100,1,2012-05-01 00:00:00
200,2046900,24600,105600,1193000,1,2012-05-02 00:00:00
200,2046800,22900,107500,1193200,2,2012-05-03 00:00:00
200,2045000,24000,108500,1193300,2,2012-05-04 00:00:00
200,2033500,23700,120500,1193500,2,2012-05-05 00:00:00
200,2017400,24900,135500,1193800,2,2012-05-06 00:00:00
200,1980900,30600,166500,1194000,2,2012-05-07 00:00:00
200,1907300,34900,236000,1194200,2,2012-05-08 00:00:00
200,1821000,44400,313300,1194100,2,2012-05-09 00:00:00
200,1709300,52000,417700,1194200,2,2012-05-10 00:00:00
200,1622600,61400,495100,1194500,2,2012-05-11 00:00:00
200,1528000,60200,591200,1194600,2,2012-05-12 00:00:00
200,1457400,67800,654400,1194800,2,2012-05-13 00:00:00
200,1406600,70400,702700,1195100,2,2012-05-14 00:00:00
200,1390300,73000,724800,1187100,2,2012-05-15 00:00:00
200,1362100,77100,749100,1187300,2,2012-05-16 00:00:00
200,1344400,86000,758200,1187400,2,2012-05-17 00:00:00
200,1330500,92100,766300,1187500,2,2012-05-18 00:00:00
200,1311800,104200,773200,1187600,2,2012-05-19 00:00:00
200,1304500,94600,790100,1188000,2,2012-05-20 00:00:00
200,1298800,97500,793400,1187900,2,2012-05-21 00:00:00
200,1292200,99400,798300,1188100,2,2012-05-22 00:00:00
200,1286200,102000,801900,1188300,2,2012-05-23 00:00:00
200,1285300,103900,801300,1188300,2,2012-05-24 00:00:00
200,1283800,94400,812700,1188300,2,2012-05-25 00:00:00
200,1281900,97400,811700,1188600,2,2012-05-26 00:00:00
200,1280300,97600,813400,1188700,2,2012-05-27 00:00:00
200,1277400,99900,814200,1188900,2,2012-05-28 00:00:00
200,1277000,103300,811600,1188900,2,2012-05-29 00:00:00
200,1273200,99300,819400,1189300,2,2012-05-30 00:00:00
200,1272900,110100,809300,1189300,2,2012-05-31 00:00:00
200,1270400,108400,813700,1189500,2,2012-06-01 00:00:00
200,1268700,112600,811400,1189700,2,2012-06-02 00:00:00
200,1268200,108200,816800,1189600,2,2012-06-03 00:00:00
200,1265600,104700,823000,1189900,2,2012-06-04 00:00:00
200,1264900,99500,829000,1190200,2,2012-06-05 00:00:00
200,1265200,110100,818400,1190300,2,2012-06-06 00:00:00
200,1264500,115200,814300,1190400,2,2012-06-07 00:00:00
200,1262100,108000,824100,1190600,2,2012-06-08 00:00:00
200,1262400,113900,818200,1190700,2,2012-06-09 00:00:00
200,1261300,113200,820300,1190800,2,2012-06-10 00:00:00
200,1261500,118400,815100,1191000,2,2012-06-11 00:00:00
200,1261800,130100,803400,1191100,2,2012-06-12 00:00:00
200,1261500,127800,806400,1191100,2,2012-06-13 00:00:00
200,1260000,122100,813700,1191400,2,2012-06-14 00:00:00
200,1263600,119800,817100,1187100,2,2012-06-15 00:00:00
200,1261500,116300,823100,1187100,2,2012-06-16 00:00:00
200,1260900,128400,811800,1187300,2,2012-06-17 00:00:00
200,1261000,135300,804900,1187600,2,2012-06-18 00:00:00
200,1260500,133700,807500,1187500,2,2012-06-19 00:00:00
200,1260800,134600,806600,1187600,2,2012-06-20 00:00:00
200,1259000,131900,811400,1187700,2,2012-06-21 00:00:00
200,1257500,135300,809700,1187900,2,2012-06-22 00:00:00
200,1256900,136200,809400,1188200,3,2012-06-23 00:00:00
200,1257100,130400,815200,1188400,3,2012-06-24 00:00:00
200,1263900,136800,808800,1182000,3,2012-06-25 00:00:00
200,1283800,140300,805300,1162500,3,2012-06-26 00:00:00
200,1306000,142100,804500,1139700,3,2012-06-27 00:00:00
200,1306100,137600,809200,1139800,3,2012-06-28 00:00:00
200,1305600,141200,806500,1139800,3,2012-06-29 00:00:00
200,1301100,141500,811100,1139800,3,2012-06-30 00:00:00
200,1291300,134900,827600,1140100,3,2012-07-01 00:00:00
200,1285200,137900,831000,1140200,3,2012-07-02 00:00:00
200,1277600,139400,837300,1140400,3,2012-07-03 00:00:00
200,1276400,140300,838100,1140300,3,2012-07-04 00:00:00
200,1272900,143900,838400,1140300,3,2012-07-05 00:00:00
200,1272000,145800,837800,1140300,3,2012-07-06 00:00:00
200,1271100,144900,839700,1140600,3,2012-07-07 00:00:00
200,1271400,151300,833300,1140700,3,2012-07-08 00:00:00
200,1271500,153300,831300,1141000,3,2012-07-09 00:00:00
200,1271700,153400,831200,1141200,3,2012-07-10 00:00:00
200,1271900,152900,831700,1141400,3,2012-07-11 00:00:00
200,1271500,156900,828300,1141600,3,2012-07-12 00:00:00
200,1270700,156900,829400,1141700,3,2012-07-13 00:00:00
200,1270900,167800,818500,1141900,3,2012-07-14 00:00:00
200,1271100,175100,811200,1142100,3,2012-07-15 00:00:00
200,1270600,171000,815900,1142400,3,2012-07-16 00:00:00
200,1271000,170600,816300,1142400,3,2012-07-17 00:00:00
200,1271300,165700,821200,1142500,3,2012-07-18 00:00:00
200,1271700,171400,815500,1142500,3,2012-07-19 00:00:00
200,1271900,173700,813200,1142700,3,2012-07-20 00:00:00
200,1272100,174500,812400,1142900,3,2012-07-21 00:00:00
200,1272600,170000,816900,1142800,3,2012-07-22 00:00:00
200,1272900,174600,812300,1142900,3,2012-07-23 00:00:00
200,1273100,173700,813200,1143100,3,2012-07-24 00:00:00
200,1273600,172100,814800,1143000,3,2012-07-25 00:00:00
200,1273700,186200,800700,1143300,3,2012-07-26 00:00:00
200,1273900,181100,805800,1143500,3,2012-07-27 00:00:00
200,1274100,175500,811400,1143700,3,2012-07-28 00:00:00
200,1274200,175000,811900,1144000,3,2012-07-29 00:00:00
200,1274400,171700,815200,1144200,3,2012-07-30 00:00:00
200,1273500,167700,820200,1144500,3,2012-07-31 00:00:00
200,1274000,165800,822100,1144400,3,2012-08-01 00:00:00
200,1272800,169400,820000,1144500,3,2012-08-02 00:00:00
200,1273000,167600,821800,1144700,3,2012-08-03 00:00:00
200,1273300,164900,824500,1144800,3,2012-08-04 00:00:00
200,1273100,164300,825600,1144900,3,2012-08-05 00:00:00
200,1273500,165900,824000,1144900,3,2012-08-06 00:00:00
200,1273700,165400,824500,1145100,3,2012-08-07 00:00:00
200,1273800,166600,823300,1145400,3,2012-08-08 00:00:00
200,1272900,165400,825700,1145500,3,2012-08-09 00:00:00
200,1273200,168100,823000,1145600,3,2012-08-10 00:00:00
200,1273400,167900,823200,1145800,3,2012-08-11 00:00:00
200,1273600,165800,825300,1146000,3,2012-08-12 00:00:00
200,1273800,168200,822900,1146200,3,2012-08-13 00:00:00
200,1274100,167400,823700,1146300,3,2012-08-14 00:00:00
200,1274500,168300,822800,1146300,3,2012-08-15 00:00:00
200,1274800,169300,821800,1146400,3,2012-08-16 00:00:00
200,1275100,168500,822600,1146500,3,2012-08-17 00:00:00
200,1275300,168600,822500,1146700,3,2012-08-18 00:00:00
200,1275700,172300,818800,1146700,3,2012-08-19 00:00:00
200,1275900,171400,819700,1146900,3,2012-08-20 00:00:00
200,1276200,172300,818800,1147000,3,2012-08-21 00:00:00
200,1276400,170100,821000,1147200,3,2012-08-22 00:00:00
200,1276700,174800,816300,1147300,3,2012-08-23 00:00:00
200,1276900,172700,818400,1147500,3,2012-08-24 00:00:00
200,1277100,172900,818200,1147700,3,2012-08-25 00:00:00
200,1277300,174200,816900,1147900,3,2012-08-26 00:00:00
200,1277600,177200,813900,1148000,3,2012-08-27 00:00:00
200,1278000,173200,817900,1148000,3,2012-08-28 00:00:00
200,1278200,172700,818400,1148200,3,2012-08-29 00:00:00
200,1278500,175300,815800,1148300,3,2012-08-30 00:00:00
200,1278600,173800,817300,1148600,3,2012-08-31 00:00:00
200,1279100,172700,818400,1148500,3,2012-09-01 00:00:00
200,1279200,172700,818400,1148800,3,2012-09-02 00:00:00
200,1279300,170400,820700,1149100,3,2012-09-03 00:00:00
200,1279400,172300,818800,1149400,3,2012-09-04 00:00:00
200,1279900,174100,817000,1149300,3,2012-09-05 00:00:00
200,1279000,176900,815400,1149400,3,2012-09-06 00:00:00
200,1279000,175800,816500,1149800,3,2012-09-07 00:00:00
200,1279400,175500,816800,1149800,3,2012-09-08 00:00:00
200,1279600,179600,812700,1150000,3,2012-09-09 00:00:00
200,1279700,181300,811000,1150300,3,2012-09-10 00:00:00
200,1280100,183000,809300,1150300,3,2012-09-11 00:00:00
200,1280400,181500,810800,1150400,3,2012-09-12 00:00:00
200,1284300,179900,812400,1146900,3,2012-09-13 00:00:00
200,1284600,180500,811800,1147000,3,2012-09-14 00:00:00
200,1284800,184200,808100,1147200,3,2012-09-15 00:00:00
200,1285100,181900,810400,1147300,3,2012-09-16 00:00:00
200,1285300,181500,810800,1147500,3,2012-09-17 00:00:00
200,1285700,181200,811100,1147500,3,2012-09-18 00:00:00
200,1285000,181800,811300,1147800,3,2012-09-19 00:00:00
200,1284100,181700,812400,1148100,3,2012-09-20 00:00:00
200,1283100,183200,812000,1148400,3,2012-09-21 00:00:00
200,1283400,183300,811900,1148500,3,2012-09-22 00:00:00
200,1283800,185400,809800,1148500,3,2012-09-23 00:00:00
200,1284100,185400,809800,1148600,3,2012-09-24 00:00:00
200,1284300,182600,812600,1148800,3,2012-09-25 00:00:00
200,1284500,181500,813700,1149000,3,2012-09-26 00:00:00
200,1284700,180900,814300,1149200,3,2012-09-27 00:00:00
300,1284800,182000,813200,1149400,3,2012-09-28 00:00:00
300,1285000,182000,813200,1149600,3,2012-09-29 00:00:00
300,1285300,183100,812100,1149700,3,2012-09-30 00:00:00
300,1285700,183100,812100,1149700,3,2012-10-01 00:00:00
300,1285900,183500,811700,1149900,3,2012-10-02 00:00:00
300,1286200,182300,812900,1150000,3,2012-10-03 00:00:00
300,1286400,182900,812300,1150200,3,2012-10-04 00:00:00
300,1286700,182500,812700,1150300,3,2012-10-05 00:00:00
300,1287000,184900,810300,1150400,3,2012-10-06 00:00:00
300,1287200,183200,812000,1150600,3,2012-10-07 00:00:00
300,1287400,183900,811300,1150800,3,2012-10-08 00:00:00
300,1287500,183300,811900,1151100,3,2012-10-09 00:00:00
300,1287900,186900,808300,1151100,3,2012-10-10 00:00:00
300,1287700,188600,807100,1151200,3,2012-10-11 00:00:00
300,1287700,188600,807100,1151600,3,2012-10-12 00:00:00
300,1288200,187900,807800,1151500,3,2012-10-13 00:00:00
300,1288600,186400,809300,1151500,3,2012-10-14 00:00:00
300,1289000,187200,808500,1151500,3,2012-10-15 00:00:00
300,1289400,185400,810300,1151500,3,2012-10-16 00:00:00
300,1289500,186400,809300,1151800,3,2012-10-17 00:00:00
300,1289700,187900,807800,1152000,3,2012-10-18 00:00:00
300,1289900,188300,807400,1152200,3,2012-10-19 00:00:00
300,1290200,186800,808900,1152300,3,2012-10-20 00:00:00
300,1290500,186800,808900,1152400,3,2012-10-21 00:00:00
300,1290800,187900,807800,1152500,3,2012-10-22 00:00:00
300,1291100,189300,806400,1152600,3,2012-10-23 00:00:00
300,1291300,188900,806800,1152800,3,2012-10-24 00:00:00
300,1291700,188000,807700,1152800,3,2012-10-25 00:00:00
300,1292100,189600,806100,1152800,3,2012-10-26 00:00:00
300,1292400,190700,805000,1152900,3,2012-10-27 00:00:00
300,1292500,191600,804100,1153200,3,2012-10-28 00:00:00
300,1292900,192700,803000,1153200,3,2012-10-29 00:00:00
300,1293000,191100,804600,1153500,3,2012-10-30 00:00:00
300,1293300,194300,801400,1153600,3,2012-10-31 00:00:00
300,1293500,194300,801400,1153800,3,2012-11-01 00:00:00
300,1293700,193500,802200,1154000,3,2012-11-02 00:00:00
300,1294000,193800,801900,1154100,3,2012-11-03 00:00:00
300,1294200,191500,804200,1154300,3,2012-11-04 00:00:00
300,1294600,190600,805100,1154300,3,2012-11-05 00:00:00
300,1294700,191500,804200,1154600,3,2012-11-06 00:00:00
300,1295000,192200,803500,1154700,3,2012-11-07 00:00:00
300,1295400,192200,803500,1154700,3,2012-11-08 00:00:00
300,1295600,190200,805500,1154900,3,2012-11-09 00:00:00
300,1295600,190800,804900,1155300,3,2012-11-10 00:00:00
300,1295800,191500,804200,1155500,3,2012-11-11 00:00:00
300,1296100,190600,805100,1155600,3,2012-11-12 00:00:00
300,1296300,190600,805100,1155800,3,2012-11-13 00:00:00
300,1296400,191600,804100,1156100,3,2012-11-14 00:00:00
300,1296500,191600,804100,1156400,3,2012-11-15 00:00:00
300,1296800,191600,804100,1156500,3,2012-11-16 00:00:00
300,1296900,191600,804100,1156800,3,2012-11-17 00:00:00
300,1297400,192500,803200,1156700,3,2012-11-18 00:00:00
300,1297500,192500,803200,1157000,3,2012-11-19 00:00:00
300,1299000,190600,805100,1155900,3,2012-11-20 00:00:00
300,1299400,190600,805100,1155900,3,2012-11-21 00:00:00
300,1299700,192700,803000,1156000,3,2012-11-22 00:00:00
300,1300100,191800,803900,1156000,3,2012-11-23 00:00:00
300,1300400,191800,803900,1156100,3,2012-11-24 00:00:00
300,1300700,192800,802900,1156200,3,2012-11-25 00:00:00
300,1301000,192800,802900,1156300,3,2012-11-26 00:00:00
300,1301100,192900,802800,1156600,3,2012-11-27 00:00:00
300,1301300,193400,802300,1156800,3,2012-11-28 00:00:00
300,1301500,192300,803400,1157000,3,2012-11-29 00:00:00
300,1301600,191800,803900,1157300,3,2012-11-30 00:00:00
300,1301900,191800,803900,1157400,3,2012-12-01 00:00:00
300,1302200,191800,803900,1157500,3,2012-12-02 00:00:00
300,1302400,191800,803900,1157700,3,2012-12-03 00:00:00
300,1302700,193400,802300,1157800,3,2012-12-04 00:00:00
300,1303000,193400,802300,1157900,3,2012-12-05 00:00:00
300,1303400,194900,800800,1157900,3,2012-12-06 00:00:00
300,1303700,195000,800700,1158000,3,2012-12-07 00:00:00
300,1303900,191800,803900,1158200,3,2012-12-08 00:00:00
300,1304300,191800,803900,1158200,3,2012-12-09 00:00:00
300,1304700,193800,801900,1158200,3,2012-12-10 00:00:00
300,1304800,195000,800700,1158500,3,2012-12-11 00:00:00
300,1305200,194000,801700,1158500,3,2012-12-12 00:00:00
300,1305400,194600,801100,1158700,3,2012-12-13 00:00:00
300,1305500,193400,802300,1159000,3,2012-12-14 00:00:00
300,1305900,193400,802300,1159000,3,2012-12-15 00:00:00
300,1306300,192800,802900,1159000,3,2012-12-16 00:00:00
300,1306500,192800,802900,1159200,3,2012-12-17 00:00:00
300,1307000,192800,802900,1159100,3,2012-12-18 00:00:00
300,1307300,192800,802900,1159200,3,2012-12-19 00:00:00
300,1307500,192800,802900,1159400,3,2012-12-20 00:00:00
300,1307800,194100,801600,1159500,3,2012-12-21 00:00:00
300,1308100,196500,799200,1159600,3,2012-12-22 00:00:00
300,1308400,196500,799200,1159700,3,2012-12-23 00:00:00
300,1308300,196500,799200,1160200,3,2012-12-24 00:00:00
300,1308600,196500,799200,1160300,3,2012-12-25 00:00:00
300,1308800,196500,799200,1160500,3,2012-12-26 00:00:00
300,1309200,196500,799200,1160500,3,2012-12-27 00:00:00
300,1309500,196500,799200,1160600,3,2012-12-28 00:00:00
300,1309800,196500,799200,1160700,3,2012-12-29 00:00:00
300,1310100,196500,799200,1160800,3,2012-12-30 00:00:00
300,1310400,196500,799200,1160900,3,2012-12-31 00:00:00
300,1310700,196500,799200,1161000,3,2013-01-01 00:00:00
