Bobo,Goudoubo,Mentao,Ouagadougou,Fassala,Mbera,Abala,Intikane,Mangaize,Niamey,Tabareybarey,Date
0,0,0,0,21600,0,2500,5800,1400,0,0,2012-01-01 00:00:00
0,0,0,0,21600,0,2500,5800,1400,0,0,2012-01-02 00:00:00
0,0,0,0,21600,0,2500,5800,1400,0,0,2012-01-03 00:00:00
0,0,0,0,21600,0,2500,5800,1400,0,0,2012-01-04 00:00:00
0,0,0,0,21700,0,2500,5800,1400,0,0,2012-01-05 00:00:00
0,0,0,0,21700,0,2500,5800,1400,0,0,2012-01-06 00:00:00
0,0,0,0,21700,0,2500,5800,1400,0,0,2012-01-07 00:00:00
0,0,0,0,21700,0,2500,5800,1400,0,0,2012-01-08 00:00:00
0,0,0,0,21700,0,2500,5800,1400,0,0,2012-01-09 00:00:00
0,0,0,0,21700,0,2500,5800,1400,0,0,2012-01-10 00:00:00
0,0,0,0,21700,0,2500,5800,1400,0,0,2012-01-11 00:00:00
0,0,0,0,21700,0,2500,5800,1400,0,0,2012-01-12 00:00:00
0,0,0,0,21700,0,2500,5800,1400,0,0,2012-01-13 00:00:00
0,0,0,0,21700,0,2500,5800,1400,0,0,2012-01-14 00:00:00
0,0,0,0,21700,0,2500,5800,1400,0,0,2012-01-15 00:00:00
0,0,0,0,21700,0,2500,5800,2000,0,0,2012-01-16 00:00:00
0,400,0,0,21800,0,2500,5800,3300,0,100,2012-01-17 00:00:00
0,400,0,0,21800,100,2500,5800,2900,0,200,2012-01-18 00:00:00
0,500,0,0,21800,200,2500,5800,2000,0,100,2012-01-19 00:00:00
0,800,0,0,21800,400,2500,5800,1600,0,100,2012-01-20 00:00:00
0,700,0,0,21900,600,2500,5800,1600,0,100,2012-01-21 00:00:00
0,1000,0,0,22100,700,2500,5800,1500,0,100,2012-01-22 00:00:00
0,700,0,0,22300,700,2500,5800,1500,0,0,2012-01-23 00:00:00
0,600,0,0,22400,700,2500,5800,1400,0,0,2012-01-24 00:00:00
0,300,100,0,22400,700,2500,5800,1400,0,0,2012-01-25 00:00:00
0,200,200,0,22500,900,2500,5800,1400,0,0,2012-01-26 00:00:00
0,200,100,0,22400,600,2500,5800,1400,0,0,2012-01-27 00:00:00
0,0,200,0,22600,900,2500,5800,1400,0,0,2012-01-28 00:00:00
0,0,300,0,22800,1000,2500,5800,1400,0,0,2012-01-29 00:00:00
0,0,400,0,23200,700,2500,5800,1400,0,0,2012-01-30 00:00:00
0,0,300,0,23200,700,2500,5800,1400,0,0,2012-01-31 00:00:00
0,0,200,0,22700,1100,2500,5800,1400,0,0,2012-02-01 00:00:00
0,0,100,0,22500,1300,2500,5800,1400,0,0,2012-02-02 00:00:00
0,0,0,0,22800,5500,2500,5800,1400,0,0,2012-02-03 00:00:00
0,0,0,0,26000,10900,2500,5800,1400,0,0,2012-02-04 00:00:00
0,0,0,0,32100,9600,2500,5800,1400,0,0,2012-02-05 00:00:00
0,0,0,0,40000,10000,2500,5800,1400,0,0,2012-02-06 00:00:00
0,0,0,0,41700,16700,2500,5800,1400,0,0,2012-02-07 00:00:00
0,0,0,0,40600,19900,2500,5800,1400,0,0,2012-02-08 00:00:00
0,0,0,0,38200,22900,2500,5800,1400,0,0,2012-02-09 00:00:00
0,0,0,0,37800,24200,2500,5800,1400,0,0,2012-02-10 00:00:00
0,0,0,0,39800,23100,2500,5800,1400,0,0,2012-02-11 00:00:00
0,0,0,0,40700,22600,2500,5800,1400,0,0,2012-02-12 00:00:00
0,0,0,0,39900,23300,2500,5800,1400,0,0,2012-02-13 00:00:00
0,0,0,0,40800,23100,2500,5800,1400,0,0,2012-02-14 00:00:00
0,0,0,0,41300,23300,2500,5800,1400,0,0,2012-02-15 00:00:00
0,0,0,0,40600,23500,2500,5800,1400,0,0,2012-02-16 00:00:00
0,0,0,0,40100,24100,2500,5800,1400,0,0,2012-02-17 00:00:00
0,0,0,0,40500,23200,2500,5800,1400,0,0,2012-02-18 00:00:00
0,0,0,0,40100,23200,2500,5800,1400,0,0,2012-02-19 00:00:00
0,0,0,0,39900,23500,2500,5800,1400,0,0,2012-02-20 00:00:00
0,0,0,0,40300,23400,2500,5800,1400,0,0,2012-02-21 00:00:00
0,0,0,0,40300,23400,2500,5800,1400,0,0,2012-02-22 00:00:00
0,0,100,0,40500,23200,2500,5800,1400,0,100,2012-02-23 00:00:00
0,0,100,0,40800,23200,2500,5800,1400,0,100,2012-02-24 00:00:00
0,0,200,0,40600,23300,2500,5800,1400,0,100,2012-02-25 00:00:00
0,0,100,0,40300,23100,2500,5800,1400,0,0,2012-02-26 00:00:00
0,0,200,0,40600,23000,2500,5800,1400,0,0,2012-02-27 00:00:00
0,0,400,0,40500,23100,2500,5800,1400,0,0,2012-02-28 00:00:00
200,0,400,100,40300,23100,2500,5800,1400,0,0,2012-02-29 00:00:00
200,0,300,100,40500,23200,2500,5800,1400,0,0,2012-03-01 00:00:00
100,100,200,0,40300,23100,2500,5800,1400,0,100,2012-03-02 00:00:00
100,100,100,0,40200,23100,2500,5800,1400,0,200,2012-03-03 00:00:00
100,100,200,0,40200,23200,2500,5800,1400,0,200,2012-03-04 00:00:00
300,100,300,0,40500,23000,2500,5800,1400,0,200,2012-03-05 00:00:00
200,0,200,0,40700,23000,2500,5800,1400,0,200,2012-03-06 00:00:00
200,0,100,0,40400,23000,2500,5800,1400,0,100,2012-03-07 00:00:00
200,0,300,0,40300,23200,2500,5800,1400,0,100,2012-03-08 00:00:00
400,0,600,0,40200,23100,2500,5800,1400,0,100,2012-03-09 00:00:00
400,0,400,0,40400,23100,2500,5800,1400,0,100,2012-03-10 00:00:00
200,0,300,100,40600,23200,2500,5800,1400,0,100,2012-03-11 00:00:00
300,0,200,100,40500,23200,2500,5800,1400,0,100,2012-03-12 00:00:00
300,0,400,0,40600,23200,2500,5800,1400,0,100,2012-03-13 00:00:00
300,100,500,0,40700,23000,2500,5800,1400,0,100,2012-03-14 00:00:00
300,200,600,0,40800,23100,2500,5800,1400,0,1000,2012-03-15 00:00:00
300,500,700,0,41200,23200,2500,5800,1700,100,2300,2012-03-16 00:00:00
400,1700,500,0,41200,23100,2600,5800,1800,200,700,2012-03-17 00:00:00
500,1300,400,200,40700,23300,2600,5800,1900,200,500,2012-03-18 00:00:00
500,900,500,300,31100,5900,2600,5800,1700,100,600,2012-03-19 00:00:00
600,1200,700,400,17900,21300,2600,5800,1700,100,400,2012-03-20 00:00:00
700,1200,800,400,9000,30400,2600,5800,1800,100,200,2012-03-21 00:00:00
600,1100,1300,400,4700,34600,2600,5800,2000,100,400,2012-03-22 00:00:00
600,800,1900,200,2500,37300,2500,5800,2400,0,500,2012-03-23 00:00:00
900,700,1400,300,1600,38700,2500,5800,2300,0,600,2012-03-24 00:00:00
1100,1200,1700,200,700,39700,2500,5800,2400,0,400,2012-03-25 00:00:00
1300,1400,2400,200,400,40500,2500,5800,2400,0,500,2012-03-26 00:00:00
1400,1500,3700,300,400,40700,2500,5800,2300,100,300,2012-03-27 00:00:00
1300,1500,5800,700,600,41200,2500,5800,2300,200,300,2012-03-28 00:00:00
1300,1800,7700,1300,600,41900,2500,5800,2300,200,400,2012-03-29 00:00:00
1300,2400,9000,1200,500,42600,2500,5800,2500,200,400,2012-03-30 00:00:00
1500,3300,10000,1800,300,43100,2500,5800,2600,0,600,2012-03-31 00:00:00
1300,3900,10200,1900,100,43300,2500,5800,2800,0,1300,2012-04-01 00:00:00
1100,4400,11300,1800,200,43600,2500,5800,3000,100,3100,2012-04-02 00:00:00
1400,7000,10100,2000,400,43900,2500,5800,3300,600,5000,2012-04-03 00:00:00
1500,7900,8900,2100,400,44300,2600,5800,5100,700,4000,2012-04-04 00:00:00
1300,8100,11100,2200,300,44600,2800,5900,5400,700,2700,2012-04-05 00:00:00
1300,9100,11300,2700,300,44900,3000,5900,5500,600,2300,2012-04-06 00:00:00
1400,8400,10200,3200,200,45300,3100,5900,5700,700,3700,2012-04-07 00:00:00
1500,10200,10200,2700,200,45700,3300,5900,5400,1000,5900,2012-04-08 00:00:00
1700,11100,11200,2400,300,45900,3300,5900,5300,900,4900,2012-04-09 00:00:00
1200,11100,11100,2300,200,46100,3400,5900,5900,900,3300,2012-04-10 00:00:00
900,10200,11500,2800,200,46100,3400,5800,6000,1100,3700,2012-04-11 00:00:00
1000,10400,11800,2700,200,46200,3300,5800,5700,1300,3600,2012-04-12 00:00:00
1000,10800,10500,2800,100,46300,3400,5800,5700,1400,3700,2012-04-13 00:00:00
1100,11200,10700,2600,100,46500,3500,5800,5900,900,4200,2012-04-14 00:00:00
1000,11100,11200,2600,100,46800,3400,5800,6200,1000,3700,2012-04-15 00:00:00
1000,12000,10900,2300,200,47000,3400,5800,6400,900,3700,2012-04-16 00:00:00
1200,11900,10000,2100,100,47200,3600,5800,6600,800,3400,2012-04-17 00:00:00
1100,11700,9400,2600,100,47500,3800,5800,6800,600,3000,2012-04-18 00:00:00
900,12200,10500,2400,300,47500,3900,5800,6700,700,3200,2012-04-19 00:00:00
900,13200,9900,2300,100,47900,3800,5800,7100,700,3200,2012-04-20 00:00:00
900,13100,9500,2100,0,48000,3800,5800,7300,600,3600,2012-04-21 00:00:00
900,12300,9900,2400,100,48100,3900,5800,7200,700,3600,2012-04-22 00:00:00
800,12000,9800,2300,100,48200,4000,5800,6800,900,3700,2012-04-23 00:00:00
1000,11700,8800,2100,200,48300,3900,5800,6800,900,4100,2012-04-24 00:00:00
1000,11500,8600,1900,100,48400,3900,5900,7100,900,3700,2012-04-25 00:00:00
1400,11300,9600,2000,100,48500,3900,6100,7000,1000,3600,2012-04-26 00:00:00
1200,11200,9800,2000,100,48700,3900,6100,7000,1000,3800,2012-04-27 00:00:00
1100,11300,9300,2000,100,48900,3900,6000,7200,1100,3800,2012-04-28 00:00:00
1000,11900,9400,2100,0,48900,3900,6000,7200,1200,3700,2012-04-29 00:00:00
1100,12200,10300,2000,0,48900,3900,6000,7000,1100,3700,2012-04-30 00:00:00
1300,12000,22300,2000,200,49100,3800,6000,7300,1000,3500,2012-05-01 00:00:00
3000,11700,22300,2100,100,50800,3800,6100,7500,1000,3600,2012-05-02 00:00:00
5800,12400,18900,2500,200,52100,3800,6100,7400,1000,3600,2012-05-03 00:00:00
5800,12400,27200,3300,800,53000,4000,6100,7200,900,3600,2012-05-04 00:00:00
6800,12700,51000,4700,1300,53800,4000,6100,7200,900,3900,2012-05-05 00:00:00
8100,15200,104100,6500,1400,55200,3900,6100,7300,800,3800,2012-05-06 00:00:00
9400,24100,179800,8600,1700,56300,3900,6000,7400,800,3800,2012-05-07 00:00:00
9800,41800,233400,9700,1200,57400,3900,6000,7800,900,4600,2012-05-08 00:00:00
9000,65100,263400,10900,1100,58300,3900,6000,9200,1000,5300,2012-05-09 00:00:00
9400,93400,285600,13100,1300,59700,3900,6100,10400,1300,7000,2012-05-10 00:00:00
9200,114600,300100,15100,900,60400,4100,6100,12000,2000,9100,2012-05-11 00:00:00
9500,138000,345400,14600,700,61100,4500,6100,13500,2200,9700,2012-05-12 00:00:00
9400,156400,357700,13700,600,61600,4600,6100,14900,2800,10700,2012-05-13 00:00:00
8400,171100,362500,12100,400,62100,4900,6100,17100,3200,12400,2012-05-14 00:00:00
7200,227700,331500,12600,300,62700,4900,6100,18300,2900,18400,2012-05-15 00:00:00
6900,246100,332800,12700,600,63200,5600,6200,20600,3000,13700,2012-05-16 00:00:00
6400,218300,371000,11600,400,63300,5500,6300,21400,3600,13500,2012-05-17 00:00:00
5300,227800,381600,10900,200,63600,5400,6200,21800,3600,15000,2012-05-18 00:00:00
5800,235000,381300,10800,100,63800,6000,6200,20900,3400,14800,2012-05-19 00:00:00
5200,242300,390000,10100,100,63800,6300,6200,21000,3800,16000,2012-05-20 00:00:00
4000,245100,392800,9700,100,64000,6300,6200,21200,3600,15200,2012-05-21 00:00:00
3900,255600,391800,9200,100,64200,6600,6300,21900,3900,15700,2012-05-22 00:00:00
4100,260800,391600,9300,200,64600,6600,6300,22500,3400,15400,2012-05-23 00:00:00
3400,263500,396100,9100,200,65000,6500,6200,22800,3500,16000,2012-05-24 00:00:00
3100,266300,398500,9600,200,65300,7000,6200,22600,3800,15600,2012-05-25 00:00:00
3200,267400,398900,9200,300,65500,7000,6200,23200,3800,14900,2012-05-26 00:00:00
3100,272600,396000,9100,200,65700,6900,6200,24100,3600,14600,2012-05-27 00:00:00
3400,277200,398100,8900,100,65900,6900,6200,24100,3700,15000,2012-05-28 00:00:00
3300,278300,390400,9300,200,66200,7100,6200,23300,3800,14800,2012-05-29 00:00:00
3300,279400,383700,9000,100,66400,7100,6200,23300,4000,14900,2012-05-30 00:00:00
3200,281100,387800,9100,100,66400,6900,6300,23300,4100,15100,2012-05-31 00:00:00
3700,280500,390100,9100,100,66500,7300,6300,22900,4300,15000,2012-06-01 00:00:00
3500,283600,385300,9100,100,66800,7200,6300,23900,4300,15100,2012-06-02 00:00:00
3100,283100,381600,9300,0,66900,7100,6300,24000,4300,14100,2012-06-03 00:00:00
3100,279800,378300,9100,0,67000,6900,6300,24200,4200,14400,2012-06-04 00:00:00
3000,279900,374400,9200,100,67100,6900,6300,24400,4300,15100,2012-06-05 00:00:00
3300,285900,373800,9000,100,67300,6900,6500,24600,4300,15000,2012-06-06 00:00:00
3200,284100,369900,9000,100,67500,7000,6500,24200,4200,15500,2012-06-07 00:00:00
3300,283000,365600,9100,0,67600,7100,6500,24400,4200,15300,2012-06-08 00:00:00
3000,283800,358600,9500,0,67700,7100,6500,24800,4100,15300,2012-06-09 00:00:00
3100,282700,360300,9500,100,67900,7100,6300,25100,4100,15400,2012-06-10 00:00:00
3000,283600,357500,9400,100,68000,7200,6300,25000,4100,15100,2012-06-11 00:00:00
3100,283900,357100,9500,100,68200,7200,6300,25000,4100,15300,2012-06-12 00:00:00
3200,283900,359100,9400,100,68400,7000,6300,25400,4200,15100,2012-06-13 00:00:00
3400,282200,353600,9400,0,68500,7000,6300,25200,4300,15400,2012-06-14 00:00:00
3000,281300,351800,9500,0,68400,7100,6300,25200,4300,17900,2012-06-15 00:00:00
3500,287200,352800,9400,100,68500,7200,6300,25600,4300,16100,2012-06-16 00:00:00
3500,288100,346900,9100,100,68700,7300,6300,25400,4200,15800,2012-06-17 00:00:00
3300,285900,345500,9100,100,68800,7300,6300,25200,4200,16300,2012-06-18 00:00:00
3000,285900,345200,9100,200,68900,7200,6300,25200,4200,16000,2012-06-19 00:00:00
3300,283400,342000,9300,100,69000,7200,6300,25400,4300,15600,2012-06-20 00:00:00
3300,282900,343400,9300,0,69100,7200,6300,25400,4300,16400,2012-06-21 00:00:00
3200,282700,342100,9300,0,69000,7200,6300,25800,4300,16200,2012-06-22 00:00:00
3300,283000,340200,9400,0,69200,7400,6300,25600,4200,15900,2012-06-23 00:00:00
3100,283300,337800,9500,0,69200,7400,6300,25600,4200,16000,2012-06-24 00:00:00
3100,283100,335800,9400,0,69500,7400,6300,25600,4200,17000,2012-06-25 00:00:00
3100,285100,333300,9400,600,70000,7400,6300,26000,4200,20300,2012-06-26 00:00:00
2900,288200,331700,9400,400,70300,7300,6300,27000,4400,20800,2012-06-27 00:00:00
2800,290600,334400,9300,200,70500,7400,6300,27300,4500,16700,2012-06-28 00:00:00
3200,288700,339700,9300,300,70800,7400,6300,27200,4500,16800,2012-06-29 00:00:00
3000,290000,342200,9200,200,71100,7500,6400,26800,4500,16700,2012-06-30 00:00:00
2900,290300,339100,9200,100,71300,7700,6400,26600,4600,17200,2012-07-01 00:00:00
2800,288500,335100,9300,0,71300,7800,6400,26400,4400,17500,2012-07-02 00:00:00
2900,288500,336300,9400,100,71400,7800,6400,26100,4400,17300,2012-07-03 00:00:00
3100,288900,336800,9400,0,71500,7800,6400,26300,4300,16700,2012-07-04 00:00:00
3100,287700,334100,9300,100,71600,7800,6400,26400,4300,16600,2012-07-05 00:00:00
3000,287300,333000,9200,100,71700,7800,6400,26500,4200,17000,2012-07-06 00:00:00
3100,285800,334500,9300,100,71800,7800,6400,26400,4300,17100,2012-07-07 00:00:00
3000,286800,331300,9300,100,71900,7800,6400,26400,4300,16800,2012-07-08 00:00:00
2900,286800,331400,9300,100,72100,7800,6400,26500,4300,16700,2012-07-09 00:00:00
3100,287500,329200,9200,0,72300,7800,6400,26600,4300,16600,2012-07-10 00:00:00
3100,285500,328300,9200,100,72400,7800,6400,26900,4200,16600,2012-07-11 00:00:00
3000,285700,330200,9200,100,72500,7800,6400,26600,4200,16600,2012-07-12 00:00:00
2800,285700,331300,9200,100,72600,7800,6400,26500,4200,16500,2012-07-13 00:00:00
3100,285000,331600,9300,0,72700,7800,6400,26400,4200,16600,2012-07-14 00:00:00
3100,286100,330100,9200,200,72800,7800,6400,26400,4200,16500,2012-07-15 00:00:00
3000,286600,325200,9200,100,72900,7800,6400,26400,4200,16300,2012-07-16 00:00:00
2900,286500,324300,9200,0,72900,7800,6400,26500,4200,16500,2012-07-17 00:00:00
2800,286900,326600,9200,0,73000,7800,6400,26500,4200,16600,2012-07-18 00:00:00
2800,287900,326800,9200,0,73100,7800,6400,26600,4200,16600,2012-07-19 00:00:00
2900,286900,324300,9300,0,73100,7800,6400,26500,4200,16700,2012-07-20 00:00:00
2900,285900,326200,9300,0,73100,7800,6400,26400,4300,16600,2012-07-21 00:00:00
2900,285800,327400,9400,0,73100,7800,6400,26500,4200,16400,2012-07-22 00:00:00
2700,287600,325900,9400,0,73200,7800,6400,26700,4200,16300,2012-07-23 00:00:00
2700,287600,323300,9300,100,73300,7800,6400,26700,4200,16400,2012-07-24 00:00:00
2700,286700,322800,9200,100,73400,7800,6400,26600,4200,16500,2012-07-25 00:00:00
2900,286000,324100,9200,0,73400,7800,6400,26600,4200,16500,2012-07-26 00:00:00
2800,286000,326400,9200,100,73500,7800,6400,26600,4200,16600,2012-07-27 00:00:00
2700,286100,324100,9200,0,73600,7800,6400,26600,4200,16600,2012-07-28 00:00:00
2800,285700,323900,9200,0,73600,7800,6400,26600,4200,16400,2012-07-29 00:00:00
2800,285300,320700,9200,0,73600,7800,6400,26600,4200,16400,2012-07-30 00:00:00
2700,286000,320400,9200,0,73700,7800,6400,26700,4200,16900,2012-07-31 00:00:00
2700,285700,321200,9200,0,73700,7800,6400,26700,4200,16700,2012-08-01 00:00:00
2700,285700,320700,9200,0,73700,7800,6400,26600,4200,16500,2012-08-02 00:00:00
2800,285000,321000,9200,0,73700,7800,6400,26600,4200,16400,2012-08-03 00:00:00
2800,285200,319100,9200,0,73700,7800,6400,26600,4200,16500,2012-08-04 00:00:00
2900,285900,319100,9300,0,73900,7800,6400,26600,4200,16700,2012-08-05 00:00:00
2900,286500,318300,9200,0,73900,7800,6400,26600,4200,16600,2012-08-06 00:00:00
2700,285400,317700,9300,0,73900,7800,6400,26600,4200,16700,2012-08-07 00:00:00
2800,285100,320700,9300,0,74000,7800,6400,26600,4200,16700,2012-08-08 00:00:00
2900,285400,319000,9200,0,74100,7800,6400,26600,4200,16700,2012-08-09 00:00:00
3000,286100,317600,9200,0,74100,7800,6400,26600,4200,16600,2012-08-10 00:00:00
2900,285500,317100,9200,0,74200,7800,6400,26600,4200,16700,2012-08-11 00:00:00
2900,284400,318800,9200,0,74200,7800,6400,26600,4200,16700,2012-08-12 00:00:00
2900,285400,317900,9200,0,74300,7800,6400,26600,4200,16600,2012-08-13 00:00:00
2800,285200,317400,9200,0,74300,7800,6400,26600,4200,16600,2012-08-14 00:00:00
2800,285500,315700,9200,0,74300,7800,6400,26600,4300,16900,2012-08-15 00:00:00
2800,285700,316300,9200,0,74300,7800,6400,26600,4200,16800,2012-08-16 00:00:00
3000,284400,316800,9200,0,74300,7800,6400,26600,4200,17000,2012-08-17 00:00:00
3000,284100,315700,9200,0,74500,7800,6400,26600,4200,17200,2012-08-18 00:00:00
2800,284000,317400,9300,0,74500,7800,6400,26600,4200,17000,2012-08-19 00:00:00
2800,284300,314700,9300,0,74500,7800,6400,26600,4200,17000,2012-08-20 00:00:00
2800,284500,314200,9300,0,74600,7800,6400,26600,4200,17100,2012-08-21 00:00:00
2800,284800,314000,9300,0,74700,7800,6400,26600,4200,16900,2012-08-22 00:00:00
2900,284300,312500,9300,0,74800,7800,6400,26700,4200,16800,2012-08-23 00:00:00
2800,284000,313600,9300,0,74800,7800,6400,26700,4200,17000,2012-08-24 00:00:00
2900,283700,312000,9200,0,74900,7800,6400,26600,4200,17000,2012-08-25 00:00:00
3000,283900,312100,9200,0,74900,7800,6400,26600,4200,17000,2012-08-26 00:00:00
2800,283600,313500,9200,0,75000,7800,6400,26600,4200,17100,2012-08-27 00:00:00
2900,283800,312600,9200,0,75100,7800,6400,26600,4200,17000,2012-08-28 00:00:00
3000,284500,309700,9200,0,75200,7800,6400,26600,4200,16900,2012-08-29 00:00:00
2900,284400,312500,9200,0,75200,7800,6400,26600,4200,17200,2012-08-30 00:00:00
2900,284600,311900,9200,0,75100,7800,6400,26600,4200,17200,2012-08-31 00:00:00
2900,284500,311900,9300,100,75000,7800,6400,26600,4200,16700,2012-09-01 00:00:00
2900,284500,310300,9400,0,75200,7800,6400,26600,4200,16700,2012-09-02 00:00:00
2700,284100,306700,9400,0,75200,7800,6400,26600,4200,16700,2012-09-03 00:00:00
2800,284000,307700,9500,0,75200,7800,6400,26600,4200,16600,2012-09-04 00:00:00
2800,284800,309300,9400,100,75200,7800,6400,26600,4200,16700,2012-09-05 00:00:00
2700,284300,308400,9300,0,75300,7800,6400,26600,4200,16700,2012-09-06 00:00:00
2700,283700,307800,9300,0,75300,7800,6400,26600,4200,16800,2012-09-07 00:00:00
2700,283700,308600,9300,0,75400,7800,6400,26600,4200,16800,2012-09-08 00:00:00
2700,283900,310000,9300,0,75400,7800,6400,26600,4200,16600,2012-09-09 00:00:00
2700,284000,307800,9300,0,75400,7800,6400,26600,4200,16600,2012-09-10 00:00:00
2700,283700,306800,9300,0,75400,7800,6400,26600,4200,16600,2012-09-11 00:00:00
2700,283900,307000,9300,0,75400,7800,6400,26600,4200,16600,2012-09-12 00:00:00
2700,283700,308200,9300,0,75400,7800,6400,26600,4200,16700,2012-09-13 00:00:00
2700,283700,306900,9300,0,75400,7800,6400,26600,4200,17000,2012-09-14 00:00:00
2700,283600,308200,9300,0,75500,7800,6400,26600,4200,17300,2012-09-15 00:00:00
2700,283500,308600,9300,0,75600,7800,6400,26600,4200,18700,2012-09-16 00:00:00
2700,283600,306400,9300,0,75700,7800,6400,26700,4200,18300,2012-09-17 00:00:00
2700,283800,305900,9300,0,75700,7800,6400,26900,4200,18100,2012-09-18 00:00:00
2700,284200,306400,9300,0,75700,7800,6400,26900,4200,18200,2012-09-19 00:00:00
2700,284200,305300,9300,0,75700,7800,6400,26900,4200,18200,2012-09-20 00:00:00
2700,283900,306200,9300,0,75700,7800,6400,26800,4200,18200,2012-09-21 00:00:00
2800,283500,306900,9300,0,75700,7800,6400,26800,4200,18200,2012-09-22 00:00:00
2900,283200,303300,9400,0,75700,7800,6400,26800,4200,17000,2012-09-23 00:00:00
2800,284400,304800,9300,0,75700,7800,6400,26800,4200,17000,2012-09-24 00:00:00
2800,284900,305400,9300,0,75700,7800,6400,26800,4200,17200,2012-09-25 00:00:00
2900,285200,304400,9300,0,75700,7800,6400,26900,4200,17000,2012-09-26 00:00:00
2800,285400,302400,9300,0,75700,7800,6400,26900,4200,16900,2012-09-27 00:00:00
2900,285200,303400,9300,100,75800,7800,6400,26900,4200,16800,2012-09-28 00:00:00
2900,285300,304100,9300,0,75900,7800,6400,26800,4200,16800,2012-09-29 00:00:00
2700,285200,302900,9400,0,75900,7800,6400,26800,4200,16700,2012-09-30 00:00:00
2700,284900,303400,9400,0,75900,7800,6400,26800,4200,16700,2012-10-01 00:00:00
2700,284800,304100,9300,0,75900,7800,6400,26800,4200,16700,2012-10-02 00:00:00
2700,284400,304100,9300,0,75900,7800,6400,26800,4200,16700,2012-10-03 00:00:00
2700,284200,303300,9300,0,76000,7800,6400,26800,4200,16700,2012-10-04 00:00:00
2700,284100,302300,9300,0,76000,7800,6400,26800,4200,16700,2012-10-05 00:00:00
2700,284400,303200,9300,0,76000,7800,6400,26800,4200,16700,2012-10-06 00:00:00
2700,284700,302500,9300,0,76000,7800,6400,26800,4200,16700,2012-10-07 00:00:00
2700,284500,301800,9300,0,76000,7800,6400,26800,4200,16700,2012-10-08 00:00:00
2700,284400,300900,9300,0,76000,7800,6400,26800,4200,16800,2012-10-09 00:00:00
2700,283900,301700,9300,0,76100,7800,6400,26800,4200,17000,2012-10-10 00:00:00
2700,283700,301600,9300,0,76100,7800,6400,26800,4200,16900,2012-10-11 00:00:00
2700,283900,301500,9300,0,76100,7800,6400,26800,4200,16900,2012-10-12 00:00:00
2700,284000,301000,9300,0,76100,7800,6500,26800,4200,16900,2012-10-13 00:00:00
2700,284400,300900,9300,0,76100,7800,6500,26800,4200,17000,2012-10-14 00:00:00
2700,284400,298900,9300,0,76100,7800,6500,26800,4200,16900,2012-10-15 00:00:00
2700,284200,297900,9300,0,76100,7800,6500,26800,4200,17000,2012-10-16 00:00:00
2700,283700,299200,9300,0,76200,7800,6600,26800,4200,16900,2012-10-17 00:00:00
2800,283800,299200,9300,0,76200,7800,6600,26800,4200,16900,2012-10-18 00:00:00
2800,284000,297400,9300,0,76200,7800,6600,26800,4200,16900,2012-10-19 00:00:00
2800,284000,297100,9400,0,76200,7800,6600,26800,4200,16800,2012-10-20 00:00:00
2800,283800,298300,9400,0,76200,7800,6600,26800,4200,16800,2012-10-21 00:00:00
2700,284100,297000,9400,0,76200,7800,6600,26800,4200,16800,2012-10-22 00:00:00
2700,284000,296900,9400,0,76200,7800,6600,26800,4200,16800,2012-10-23 00:00:00
2800,284000,296600,9300,0,76200,7800,6600,26800,4200,16900,2012-10-24 00:00:00
2800,283900,296800,9300,0,76200,7800,6600,26800,4200,16900,2012-10-25 00:00:00
2700,284000,296700,9300,0,76200,7800,6600,26800,4200,16800,2012-10-26 00:00:00
2700,283900,295700,9300,0,76200,7800,6600,26800,4200,16900,2012-10-27 00:00:00
2700,283700,295000,9300,0,76200,7800,6600,26800,4200,16800,2012-10-28 00:00:00
2700,283700,295000,9300,0,76200,7800,6600,26800,4200,16800,2012-10-29 00:00:00
2700,283700,294800,9300,0,76200,7800,6600,26800,4200,16800,2012-10-30 00:00:00
2700,283600,293700,9300,0,76200,7800,6600,26800,4200,16800,2012-10-31 00:00:00
2700,283600,294100,9300,0,76200,7800,6600,26800,4200,16800,2012-11-01 00:00:00
2700,283500,294600,9300,0,76200,7800,6600,26800,4200,16800,2012-11-02 00:00:00
2800,283600,293700,9300,0,76200,7800,6600,26800,4200,16800,2012-11-03 00:00:00
2700,283400,293300,9300,0,76200,7800,6600,26800,4200,16800,2012-11-04 00:00:00
2700,283600,293000,9300,0,76200,7800,6600,27100,4200,16800,2012-11-05 00:00:00
2700,284100,293100,9300,0,76200,7900,6700,27100,4200,16900,2012-11-06 00:00:00
2700,284100,292600,9300,0,76200,7900,6700,27000,4200,16900,2012-11-07 00:00:00
2700,283900,293900,9300,0,76200,7900,6700,27000,4200,16900,2012-11-08 00:00:00
2700,283700,294000,9300,0,76200,7900,6700,27000,4200,16900,2012-11-09 00:00:00
2700,284100,292800,9300,0,76200,7900,6700,27000,4200,16800,2012-11-10 00:00:00
2700,284100,292300,9300,0,76200,7900,6700,27000,4200,16900,2012-11-11 00:00:00
2700,284000,292600,9300,0,76200,7900,6700,27000,4200,16900,2012-11-12 00:00:00
2700,283900,292600,9300,0,76200,7900,6700,27000,4200,16900,2012-11-13 00:00:00
2700,283800,292300,9300,0,76200,7900,6700,27000,4200,16900,2012-11-14 00:00:00
2700,283800,292000,9300,0,76200,7900,6700,27000,4200,16800,2012-11-15 00:00:00
2700,283900,291400,9300,0,76200,7900,6700,27000,4200,16800,2012-11-16 00:00:00
2700,283800,291800,9300,0,76200,7900,6700,27000,4200,16800,2012-11-17 00:00:00
2700,283800,292300,9300,0,76200,7900,6700,27000,4200,16800,2012-11-18 00:00:00
2700,284000,291400,9300,0,76200,7900,6700,27000,4200,16800,2012-11-19 00:00:00
2700,284000,291200,9300,0,76200,7900,6700,27000,4200,16800,2012-11-20 00:00:00
2700,283800,291100,9300,0,76200,7900,6700,27000,4200,16800,2012-11-21 00:00:00
2700,283900,290700,9300,0,76200,7900,6700,27000,4200,16800,2012-11-22 00:00:00
2700,283900,290800,9300,0,76200,7900,6700,27000,4200,16800,2012-11-23 00:00:00
2800,283800,291100,9300,0,76300,7900,6700,27000,4200,16800,2012-11-24 00:00:00
2700,284000,290300,9300,0,76300,7900,6700,27000,4200,16900,2012-11-25 00:00:00
2700,284000,290300,9300,0,76300,7900,6700,27000,4200,16900,2012-11-26 00:00:00
2700,284000,290300,9300,0,76300,7900,6700,27000,4200,16900,2012-11-27 00:00:00
2700,283900,290400,9300,0,76300,7900,6700,27000,4200,16800,2012-11-28 00:00:00
2700,283800,290600,9300,0,76300,7900,6700,27000,4200,16800,2012-11-29 00:00:00
2700,283700,290600,9300,0,76300,7900,6700,27000,4200,16800,2012-11-30 00:00:00
2700,283700,290000,9300,0,76300,7900,6700,27000,4200,16800,2012-12-01 00:00:00
2700,283700,289900,9300,0,76300,7900,6700,27000,4200,16800,2012-12-02 00:00:00
2700,283900,290000,9300,0,76300,7900,6700,27000,4200,16800,2012-12-03 00:00:00
2700,284000,290300,9300,0,76300,7900,6700,27000,4200,16800,2012-12-04 00:00:00
2700,283900,290300,9300,0,76300,7900,6700,27000,4200,16800,2012-12-05 00:00:00
2700,283800,290200,9300,0,76300,7900,6700,27000,4200,16800,2012-12-06 00:00:00
2700,283800,290100,9300,0,76300,7900,6700,27000,4200,16800,2012-12-07 00:00:00
2700,283700,289800,9300,0,76300,7900,6700,27000,4200,16800,2012-12-08 00:00:00
2700,283700,290000,9300,0,76300,7900,6700,27000,4200,16800,2012-12-09 00:00:00
2700,283700,289700,9300,0,76300,7900,6700,27000,4200,16800,2012-12-10 00:00:00
2700,283800,289900,9300,0,76300,7900,6700,27000,4200,16800,2012-12-11 00:00:00
2700,283700,289700,9300,0,76300,7900,6700,27000,4200,16800,2012-12-12 00:00:00
2700,283700,289700,9300,0,76300,7900,6700,27000,4200,16800,2012-12-13 00:00:00
2700,283800,289500,9300,0,76300,7900,6800,27000,4200,16800,2012-12-14 00:00:00
2700,283700,289400,9300,0,76300,7900,6800,27000,4200,16800,2012-12-15 00:00:00
2700,283700,289500,9300,0,76300,7900,6800,27000,4200,16900,2012-12-16 00:00:00
2700,283700,289400,9300,0,76300,7900,6800,27000,4200,16900,2012-12-17 00:00:00
2700,283700,289600,9300,0,76300,7900,6800,27000,4200,16900,2012-12-18 00:00:00
2700,283700,289800,9300,0,76300,7900,6800,27000,4200,16800,2012-12-19 00:00:00
2700,283700,289600,9300,0,76300,7900,6800,27000,4200,16800,2012-12-20 00:00:00
2700,283700,289900,9300,0,76300,7900,6800,27000,4200,16800,2012-12-21 00:00:00
2700,283700,289500,9300,0,76300,7900,6800,27000,4200,16800,2012-12-22 00:00:00
2700,283800,289400,9300,0,76300,7900,6800,27000,4200,16800,2012-12-23 00:00:00
2700,283700,289300,9300,0,76300,7900,6800,27000,4200,16800,2012-12-24 00:00:00
2700,283700,289500,9300,0,76300,7900,6800,27000,4200,16800,2012-12-25 00:00:00
2700,283700,289300,9300,0,76300,7900,6800,27000,4200,16800,2012-12-26 00:00:00
2700,283700,289600,9300,0,76300,7900,6800,27000,4200,16800,2012-12-27 00:00:00
2700,283800,289700,9300,0,76300,7900,6800,27000,4200,16800,2012-12-28 00:00:00
2700,283800,289600,9300,0,76300,7900,6800,27000,4200,16900,2012-12-29 00:00:00
2700,283800,289200,9300,0,76300,7900,6800,27000,4200,16800,2012-12-30 00:00:00
2700,283800,289500,9300,0,76300,7900,6800,27000,4200,16800,2012-12-31 00:00:00
2700,283800,289700,9300,0,76300,7900,6800,27000,4200,16800,2013-01-01 00:00:00
